district,gcvi_mean,n_px,region_key,type,yield_kg_ha
Anantapur,2.7509838345327595,223996,andhra_pradesh,raw_300m,3577.0
Chittoor,3.742495346288339,172443,andhra_pradesh,raw_300m,3719.0
East Godavari,5.18140398203157,151154,andhra_pradesh,raw_300m,4166.0
Guntur,3.40452594485283,132772,andhra_pradesh,raw_300m,3759.0
Krishna,3.9008534161125747,102119,andhra_pradesh,raw_300m,3942.0
Kurnool,3.3250858414319713,201680,andhra_pradesh,raw_300m,3485.0
Potti Sriramulu Nellore,2.8791147161806845,152509,andhra_pradesh,raw_300m,3953.0
Prakasam,3.0260072655217964,204390,andhra_pradesh,raw_300m,3305.0
Srikakulam,4.94896667344774,68819,andhra_pradesh,raw_300m,2778.0
Visakhapatnam,5.106005970379853,135921,andhra_pradesh,raw_300m,3044.0
Vizianagaram,4.941973904096345,72406,andhra_pradesh,raw_300m,3317.0
West Godavari,4.670401531751176,97209,andhra_pradesh,raw_300m,3672.0
Y S R Kadapa,3.0858536303006003,177079,andhra_pradesh,raw_300m,3400.0
Anantapur,2.8396268519754404,149840,andhra_pradesh,esri_300m,3577.0
Chittoor,3.5291356077981653,72812,andhra_pradesh,esri_300m,3719.0
East Godavari,5.052951211604444,48964,andhra_pradesh,esri_300m,4166.0
Guntur,3.4601858153919975,95868,andhra_pradesh,esri_300m,3759.0
Krishna,4.480229109928687,63523,andhra_pradesh,esri_300m,3942.0
Kurnool,3.189850036472224,131607,andhra_pradesh,esri_300m,3485.0
Potti Sriramulu Nellore,3.0928998422895844,86234,andhra_pradesh,esri_300m,3953.0
Prakasam,2.634992461594882,122705,andhra_pradesh,esri_300m,3305.0
Srikakulam,4.932756191901184,39265,andhra_pradesh,esri_300m,2778.0
Visakhapatnam,4.279108183856502,27875,andhra_pradesh,esri_300m,3044.0
Vizianagaram,4.7932932370541455,38101,andhra_pradesh,esri_300m,3317.0
West Godavari,4.955452294226106,49897,andhra_pradesh,esri_300m,3672.0
Y S R Kadapa,2.77044380269317,76267,andhra_pradesh,esri_300m,3400.0
Anantapur,5.213349066840278,2880,andhra_pradesh,jordi_300m,3577.0
Chittoor,3.8480442265374095,8407,andhra_pradesh,jordi_300m,3719.0
East Godavari,5.304421618462542,36788,andhra_pradesh,jordi_300m,4166.0
Guntur,4.074255253341037,39808,andhra_pradesh,jordi_300m,3759.0
Krishna,4.538993097238896,41650,andhra_pradesh,jordi_300m,3942.0
Kurnool,5.317411427637587,12047,andhra_pradesh,jordi_300m,3485.0
Potti Sriramulu Nellore,3.448996105760679,39353,andhra_pradesh,jordi_300m,3953.0
Prakasam,2.9389040997706424,16350,andhra_pradesh,jordi_300m,3305.0
Srikakulam,4.937072445155033,38153,andhra_pradesh,jordi_300m,2778.0
Visakhapatnam,4.339695605640896,19855,andhra_pradesh,jordi_300m,3044.0
Vizianagaram,4.922197191102452,30795,andhra_pradesh,jordi_300m,3317.0
West Godavari,5.1212691317632615,35837,andhra_pradesh,jordi_300m,3672.0
Y S R Kadapa,3.923262157107232,6015,andhra_pradesh,jordi_300m,3400.0
Anantapur,5.328150357601148,1656,andhra_pradesh,jordi_300m_20models,3577.0
Chittoor,4.064348278100576,4862,andhra_pradesh,jordi_300m_20models,3719.0
East Godavari,5.788372308399294,26657,andhra_pradesh,jordi_300m_20models,4166.0
Guntur,4.425539993958109,29792,andhra_pradesh,jordi_300m_20models,3759.0
Krishna,4.858943979152826,31611,andhra_pradesh,jordi_300m_20models,3942.0
Kurnool,5.359936919184419,11783,andhra_pradesh,jordi_300m_20models,3485.0
Potti Sriramulu Nellore,4.054295714153046,21536,andhra_pradesh,jordi_300m_20models,3953.0
Prakasam,3.319423473085562,4786,andhra_pradesh,jordi_300m_20models,3305.0
Srikakulam,5.092656644558703,32869,andhra_pradesh,jordi_300m_20models,2778.0
Visakhapatnam,4.5154885507632825,15001,andhra_pradesh,jordi_300m_20models,3044.0
Vizianagaram,5.052656950617039,25201,andhra_pradesh,jordi_300m_20models,3317.0
West Godavari,5.4763114781305715,26361,andhra_pradesh,jordi_300m_20models,3672.0
Y S R Kadapa,4.074728023565133,4652,andhra_pradesh,jordi_300m_20models,3400.0
Baksa,4.82906051866135,30598,assam,raw_300m,2068.0
Barpeta,2.730187664618086,28475,assam,raw_300m,1629.0
Biswanath,3.781423847769222,27143,assam,raw_300m,1688.0
Bongaigaon,3.540600210012232,13898,assam,raw_300m,2044.0
Cachar,5.61479644686713,46459,assam,raw_300m,2580.0
Charaideo,5.578245646864167,12692,assam,raw_300m,2084.0
Chirang,4.888433330370587,23908,assam,raw_300m,2340.0
Darrang,3.11601235907018,19735,assam,raw_300m,2099.0
Dhemaji,3.6954500908717605,32876,assam,raw_300m,2073.0
Dhubri,3.0625918293466143,20631,assam,raw_300m,1969.0
Dibrugarh,3.937349876368774,42465,assam,raw_300m,2687.0
Dima Hasao,7.393933475778663,59204,assam,raw_300m,1397.0
Goalpara,4.394070175980877,24264,assam,raw_300m,1945.0
Golaghat,4.4736710118692145,40188,assam,raw_300m,2966.0
Hailakandi,5.356778972850401,16317,assam,raw_300m,2850.0
Hojai,5.399665073671698,18087,assam,raw_300m,3267.0
Jorhat,4.9277104550728374,23271,assam,raw_300m,2883.0
Kamrup Metro,5.006589657061353,12094,assam,raw_300m,2889.0
Kamrup Rural,4.206751686232108,38844,assam,raw_300m,2538.0
Karbi Anglong,7.388136343149864,90969,assam,raw_300m,2409.0
Karimganj,4.88706131725626,22247,assam,raw_300m,1934.0
Kokrajhar,5.119421229866336,38679,assam,raw_300m,1868.0
Lakhimpur,3.759762926781133,35469,assam,raw_300m,1878.0
Majuli,2.0926803088484736,15918,assam,raw_300m,2729.0
Marigaon,3.7427196787121857,18776,assam,raw_300m,2457.0
Nagaon,4.374802825294448,32094,assam,raw_300m,2528.0
Nalbari,3.429723180361529,13028,assam,raw_300m,3223.0
Sibsagar,4.392453620339066,20409,assam,raw_300m,1924.0
Sonitpur,3.6092213898194,34330,assam,raw_300m,1722.0
South Salmara Mancachar,2.1740014966775325,6979,assam,raw_300m,1565.0
Tinsukia,5.109485767081587,47961,assam,raw_300m,1768.0
Udalguri,4.80651648635749,25142,assam,raw_300m,2207.0
West Karbi Anglong,6.328771969756947,37893,assam,raw_300m,2081.0
Baksa,4.622657047600817,15672,assam,esri_300m,2068.0
Barpeta,3.478548067874969,12221,assam,esri_300m,1629.0
Biswanath,4.167887102493282,13396,assam,esri_300m,1688.0
Bongaigaon,3.901601045427196,4986,assam,esri_300m,2044.0
Cachar,3.819426525866463,11772,assam,esri_300m,2580.0
Charaideo,5.145711469270456,5524,assam,esri_300m,2084.0
Chirang,4.2522844507315956,8748,assam,esri_300m,2340.0
Darrang,3.794199648224733,9914,assam,esri_300m,2099.0
Dhemaji,3.8519287109375,17280,assam,esri_300m,2073.0
Dhubri,3.4893695654622454,11098,assam,esri_300m,1969.0
Dibrugarh,4.709099570283929,15039,assam,esri_300m,2687.0
Dima Hasao,4.483435710877862,917,assam,esri_300m,1397.0
Goalpara,4.635416413834951,10300,assam,esri_300m,1945.0
Golaghat,4.519144644957366,17005,assam,esri_300m,2966.0
Hailakandi,4.327096554014168,4235,assam,esri_300m,2850.0
Hojai,5.078542518367105,8439,assam,esri_300m,3267.0
Jorhat,4.566849605439892,11912,assam,esri_300m,2883.0
Kamrup Metro,4.643947548293132,2446,assam,esri_300m,2889.0
Kamrup Rural,3.8333264647701584,15924,assam,esri_300m,2538.0
Karbi Anglong,5.3367780592844865,7561,assam,esri_300m,2409.0
Karimganj,4.07246600877193,7125,assam,esri_300m,1934.0
Kokrajhar,4.251505084759764,15131,assam,esri_300m,1868.0
Lakhimpur,3.8785172960089196,21974,assam,esri_300m,1878.0
Majuli,3.9147412483612345,4958,assam,esri_300m,2729.0
Marigaon,4.029284501316142,11207,assam,esri_300m,2457.0
Nagaon,4.204603267690652,16732,assam,esri_300m,2528.0
Nalbari,3.883684362282487,7126,assam,esri_300m,3223.0
Sibsagar,4.325392979253593,10785,assam,esri_300m,1924.0
Sonitpur,3.892782232982122,16277,assam,esri_300m,1722.0
South Salmara Mancachar,3.466029028007441,2419,assam,esri_300m,1565.0
Tinsukia,4.815610325240061,11872,assam,esri_300m,1768.0
Udalguri,4.7179375,14500,assam,esri_300m,2207.0
West Karbi Anglong,4.915238413958641,3385,assam,esri_300m,2081.0
Baksa,4.521698199853049,19054,assam,jordi_300m,2068.0
Barpeta,3.0644179867277206,21511,assam,jordi_300m,1629.0
Biswanath,3.7515489130434783,14950,assam,jordi_300m,1688.0
Bongaigaon,3.44647216796875,8128,assam,jordi_300m,2044.0
Cachar,3.8261516603006407,10145,assam,jordi_300m,2580.0
Charaideo,5.118215271389144,4348,assam,jordi_300m,2084.0
Chirang,4.033822853247083,9855,assam,jordi_300m,2340.0
Darrang,3.6162699726341807,14160,assam,jordi_300m,2099.0
Dhemaji,3.835861162244142,10797,assam,jordi_300m,2073.0
Dhubri,3.2222643539859,16596,assam,jordi_300m,1969.0
Dibrugarh,4.5009461181055155,10425,assam,jordi_300m,2687.0
Dima Hasao,5.034399634009009,333,assam,jordi_300m,1397.0
Goalpara,4.419265281087352,15947,assam,jordi_300m,1945.0
Golaghat,4.365040950865789,18307,assam,jordi_300m,2966.0
Hailakandi,4.351860060903099,3679,assam,jordi_300m,2850.0
Hojai,4.947715573232843,9719,assam,jordi_300m,3267.0
Jorhat,4.429409383911597,10520,assam,jordi_300m,2883.0
Kamrup Metro,4.380339104990729,3236,assam,jordi_300m,2889.0
Kamrup Rural,3.6668878453316074,22406,assam,jordi_300m,2538.0
Karbi Anglong,5.39084714114011,7280,assam,jordi_300m,2409.0
Karimganj,4.10173678906975,6466,assam,jordi_300m,1934.0
Kokrajhar,4.2099535307975176,17404,assam,jordi_300m,1868.0
Lakhimpur,3.8123689753134795,19140,assam,jordi_300m,1878.0
Majuli,3.324588056255248,5955,assam,jordi_300m,2729.0
Marigaon,3.838889267308261,13534,assam,jordi_300m,2457.0
Nagaon,4.1008550267177375,21147,assam,jordi_300m,2528.0
Nalbari,3.6347997724992833,10467,assam,jordi_300m,3223.0
Sibsagar,4.307473101454459,10485,assam,jordi_300m,1924.0
Sonitpur,3.481331233124862,18148,assam,jordi_300m,1722.0
South Salmara Mancachar,2.658985061662272,4551,assam,jordi_300m,1565.0
Tinsukia,4.75931172092339,4673,assam,jordi_300m,1768.0
Udalguri,4.631535244897274,14894,assam,jordi_300m,2207.0
West Karbi Anglong,4.894980546420924,3269,assam,jordi_300m,2081.0
Baksa,4.598717459101203,12806,assam,jordi_300m_20models,2068.0
Barpeta,3.0549371331183854,17291,assam,jordi_300m_20models,1629.0
Biswanath,3.7468853820598005,11739,assam,jordi_300m_20models,1688.0
Bongaigaon,3.404320742107943,5892,assam,jordi_300m_20models,2044.0
Cachar,3.8231438709147256,7986,assam,jordi_300m_20models,2580.0
Charaideo,5.103180045451518,3754,assam,jordi_300m_20models,2084.0
Chirang,4.0155270725663375,6482,assam,jordi_300m_20models,2340.0
Darrang,3.602638620622657,10937,assam,jordi_300m_20models,2099.0
Dhemaji,3.8076377655462665,8732,assam,jordi_300m_20models,2073.0
Dhubri,3.239397486503476,13522,assam,jordi_300m_20models,1969.0
Dibrugarh,4.69211758403829,8984,assam,jordi_300m_20models,2687.0
Dima Hasao,5.233000619070871,112,assam,jordi_300m_20models,1397.0
Goalpara,4.308803019858189,10789,assam,jordi_300m_20models,1945.0
Golaghat,4.351992619767682,14549,assam,jordi_300m_20models,2966.0
Hailakandi,4.4033102217278985,2613,assam,jordi_300m_20models,2850.0
Hojai,5.100555790580719,7904,assam,jordi_300m_20models,3267.0
Jorhat,4.434883007156102,8629,assam,jordi_300m_20models,2883.0
Kamrup Metro,4.527388049311462,2469,assam,jordi_300m_20models,2889.0
Kamrup Rural,3.5757311782554106,16726,assam,jordi_300m_20models,2538.0
Karbi Anglong,5.435523365734875,6314,assam,jordi_300m_20models,2409.0
Karimganj,4.168579128987868,4451,assam,jordi_300m_20models,1934.0
Kokrajhar,4.242372713021817,11642,assam,jordi_300m_20models,1868.0
Lakhimpur,3.78016878926624,16872,assam,jordi_300m_20models,1878.0
Majuli,3.526784738297325,4860,assam,jordi_300m_20models,2729.0
Marigaon,3.903185131424499,11927,assam,jordi_300m_20models,2457.0
Nagaon,4.108689075866726,17768,assam,jordi_300m_20models,2528.0
Nalbari,3.561455052155882,7897,assam,jordi_300m_20models,3223.0
Sibsagar,4.314331795487146,9063,assam,jordi_300m_20models,1924.0
Sonitpur,3.516051813692098,14680,assam,jordi_300m_20models,1722.0
South Salmara Mancachar,2.8700125738093702,3874,assam,jordi_300m_20models,1565.0
Tinsukia,4.731141477995605,4323,assam,jordi_300m_20models,1768.0
Udalguri,4.70347592508425,11276,assam,jordi_300m_20models,2207.0
West Karbi Anglong,5.020692786936789,2286,assam,jordi_300m_20models,2081.0
Araria,4.654132095362828,34741,bihar,raw_300m,2207.0
Arwal,5.679819662617654,7862,bihar,raw_300m,3279.0
Aurangabad,5.313048022963893,40629,bihar,raw_300m,3165.0
Banka,4.654745361046215,37239,bihar,raw_300m,2831.0
Begusarai,3.2807719583946207,23795,bihar,raw_300m,2799.0
Bhagalpur,3.3578930325462566,31509,bihar,raw_300m,2582.0
Bhojpur,4.860232527610272,29518,bihar,raw_300m,3131.0
Buxar,5.314543743463586,21036,bihar,raw_300m,3570.0
Darbhanga,4.220820102540312,31256,bihar,raw_300m,2014.0
Gaya,4.3743025628000725,61027,bihar,raw_300m,2464.0
Gopalganj,3.7300274040734323,25384,bihar,raw_300m,1438.0
Jahanabad,5.012185768548178,11551,bihar,raw_300m,2954.0
Jamui,4.088989411618018,38096,bihar,raw_300m,2734.0
Katihar,3.8488389370716676,37646,bihar,raw_300m,2215.0
Khagaria,3.0184881710954445,18440,bihar,raw_300m,2345.0
Kishanganj,4.461531338994053,23878,bihar,raw_300m,2346.0
Lakhisarai,4.322954291633453,15054,bihar,raw_300m,3436.0
Madhepura,4.454656192824312,22409,bihar,raw_300m,2330.0
Madhubani,4.395077092951501,43754,bihar,raw_300m,2139.0
Munger,3.9171204818844743,17416,bihar,raw_300m,3234.0
Muzaffarpur,3.6899874658590863,39542,bihar,raw_300m,2109.0
Nalanda,4.945644889867087,29192,bihar,raw_300m,2786.0
Nawada,4.369023619862231,30631,bihar,raw_300m,2705.0
Pashchimi Champaran,4.383797631582963,65529,bihar,raw_300m,1913.0
Patna,4.044473954112642,39488,bihar,raw_300m,2954.0
Purbi Champaran,4.173251184356416,49605,bihar,raw_300m,1527.0
Purnia,4.144213746440526,40034,bihar,raw_300m,2449.0
Rohtas,5.931669677569303,47328,bihar,raw_300m,3843.0
Saharsa,3.98380759483718,20667,bihar,raw_300m,2156.0
Samastipur,3.5635296474358973,33150,bihar,raw_300m,2587.0
Saran,3.6589125774359914,32769,bihar,raw_300m,2711.0
Sheikhpura,4.419419882901183,8369,bihar,raw_300m,2818.0
Sheohar,4.5805382022788805,5540,bihar,raw_300m,2016.0
Sitamarhi,4.17163354282294,27567,bihar,raw_300m,1732.0
Siwan,3.8034104757892067,27591,bihar,raw_300m,1804.0
Supaul,4.24420855921947,30159,bihar,raw_300m,2296.0
Vaishali,3.0196075578515673,25237,bihar,raw_300m,2501.0
Araria,4.817850100355646,28399,bihar,esri_300m,2207.0
Arwal,6.097745770749458,6458,bihar,esri_300m,3279.0
Aurangabad,5.5460785282227425,32899,bihar,esri_300m,3165.0
Banka,4.9386743143669705,25141,bihar,esri_300m,2831.0
Begusarai,3.548331417815977,15009,bihar,esri_300m,2799.0
Bhagalpur,3.78213112707437,22778,bihar,esri_300m,2582.0
Bhojpur,5.157074503700524,24456,bihar,esri_300m,3131.0
Buxar,5.580704615122616,18350,bihar,esri_300m,3570.0
Darbhanga,4.349669605057932,22440,bihar,esri_300m,2014.0
Gaya,4.492845764843205,41551,bihar,esri_300m,2464.0
Gopalganj,3.952673614355572,16053,bihar,esri_300m,1438.0
Jahanabad,5.11820626270971,9835,bihar,esri_300m,2954.0
Jamui,3.9264220441353346,19123,bihar,esri_300m,2734.0
Katihar,4.219059155132139,28682,bihar,esri_300m,2215.0
Khagaria,3.208559360950815,14903,bihar,esri_300m,2345.0
Kishanganj,4.755602286410158,18271,bihar,esri_300m,2346.0
Lakhisarai,4.441672800353785,10317,bihar,esri_300m,3436.0
Madhepura,4.520413910214526,18366,bihar,esri_300m,2330.0
Madhubani,4.521067913385827,25400,bihar,esri_300m,2139.0
Munger,4.123848960591934,9224,bihar,esri_300m,3234.0
Muzaffarpur,3.9151316164185905,19752,bihar,esri_300m,2109.0
Nalanda,5.118517367693921,24791,bihar,esri_300m,2786.0
Nawada,4.276438097642667,19556,bihar,esri_300m,2705.0
Pashchimi Champaran,4.268256239345994,41651,bihar,esri_300m,1913.0
Patna,4.604040788005949,28239,bihar,esri_300m,2954.0
Purbi Champaran,4.460975718224673,33729,bihar,esri_300m,1527.0
Purnia,4.341435592274284,32696,bihar,esri_300m,2449.0
Rohtas,6.610226743359758,31663,bihar,esri_300m,3843.0
Saharsa,4.2646302768418325,15433,bihar,esri_300m,2156.0
Samastipur,3.739890236278533,15596,bihar,esri_300m,2587.0
Saran,3.967915278866249,19140,bihar,esri_300m,2711.0
Sheikhpura,4.5368370867015635,7546,bihar,esri_300m,2818.0
Sheohar,4.788787475473223,4332,bihar,esri_300m,2016.0
Sitamarhi,4.330252046685549,20124,bihar,esri_300m,1732.0
Siwan,3.9579625300743655,18288,bihar,esri_300m,1804.0
Supaul,4.737160000976658,20478,bihar,esri_300m,2296.0
Vaishali,3.1854035443346325,8980,bihar,esri_300m,2501.0
Araria,4.6833601567098295,33980,bihar,jordi_300m,2207.0
Arwal,6.062953208136269,6766,bihar,jordi_300m,3279.0
Aurangabad,5.5584840862651035,33768,bihar,jordi_300m,3165.0
Banka,5.01648950729927,23975,bihar,jordi_300m,2831.0
Begusarai,3.633084863690151,5493,bihar,jordi_300m,2799.0
Bhagalpur,3.905935580973406,19704,bihar,jordi_300m,2582.0
Bhojpur,5.4842210574167956,22685,bihar,jordi_300m,3131.0
Buxar,5.744048569189691,17228,bihar,jordi_300m,3570.0
Darbhanga,4.29987537050513,28171,bihar,jordi_300m,2014.0
Gaya,4.509263414589621,41084,bihar,jordi_300m,2464.0
Gopalganj,3.83418329791592,19529,bihar,jordi_300m,1438.0
Jahanabad,5.063571845794392,10700,bihar,jordi_300m,2954.0
Jamui,4.031018343838778,16896,bihar,jordi_300m,2734.0
Katihar,4.086322465138086,33059,bihar,jordi_300m,2215.0
Khagaria,3.1796075534326427,11580,bihar,jordi_300m,2345.0
Kishanganj,4.517694984533804,22630,bihar,jordi_300m,2346.0
Lakhisarai,5.166291379490393,7182,bihar,jordi_300m,3436.0
Madhepura,4.486715083509709,21734,bihar,jordi_300m,2330.0
Madhubani,4.4299791533508515,42243,bihar,jordi_300m,2139.0
Munger,4.927143182455157,7136,bihar,jordi_300m,3234.0
Muzaffarpur,3.746979925703672,34995,bihar,jordi_300m,2109.0
Nalanda,5.130770499289628,24635,bihar,jordi_300m,2786.0
Nawada,4.286212995565989,19170,bihar,jordi_300m,2705.0
Pashchimi Champaran,4.167665304561617,31217,bihar,jordi_300m,1913.0
Patna,4.777741855084459,26581,bihar,jordi_300m,2954.0
Purbi Champaran,4.25855296855514,44904,bihar,jordi_300m,1527.0
Purnia,4.204389381985536,38025,bihar,jordi_300m,2449.0
Rohtas,6.581357426093933,32406,bihar,jordi_300m,3843.0
Saharsa,4.085724130082945,19772,bihar,jordi_300m,2156.0
Samastipur,3.829668446681398,12219,bihar,jordi_300m,2587.0
Saran,3.918085807774956,25595,bihar,jordi_300m,2711.0
Sheikhpura,4.628099687366776,7037,bihar,jordi_300m,2818.0
Sheohar,4.616961660771177,5336,bihar,jordi_300m,2016.0
Sitamarhi,4.201275718795163,26294,bihar,jordi_300m,1732.0
Siwan,3.8756812231330073,23728,bihar,jordi_300m,1804.0
Supaul,4.407056197202846,28529,bihar,jordi_300m,2296.0
Vaishali,3.245031495878606,13345,bihar,jordi_300m,2501.0
Araria,4.747868175700075,30461,bihar,jordi_300m_20models,2207.0
Arwal,6.268548098009447,5928,bihar,jordi_300m_20models,3279.0
Aurangabad,5.834490761716626,27589,bihar,jordi_300m_20models,3165.0
Banka,5.360744332045547,17213,bihar,jordi_300m_20models,2831.0
Begusarai,3.3972426003556913,4182,bihar,jordi_300m_20models,2799.0
Bhagalpur,3.803244906200408,17644,bihar,jordi_300m_20models,2582.0
Bhojpur,5.762216943096408,16897,bihar,jordi_300m_20models,3131.0
Buxar,5.895122794664303,8743,bihar,jordi_300m_20models,3570.0
Darbhanga,4.3481045254744135,22238,bihar,jordi_300m_20models,2014.0
Gaya,4.814762486154466,29793,bihar,jordi_300m_20models,2464.0
Gopalganj,3.8276903241251703,15403,bihar,jordi_300m_20models,1438.0
Jahanabad,5.1956043340753615,9209,bihar,jordi_300m_20models,2954.0
Jamui,4.32229695855615,10659,bihar,jordi_300m_20models,2734.0
Katihar,4.162148420645765,27812,bihar,jordi_300m_20models,2215.0
Khagaria,3.126460326282224,11133,bihar,jordi_300m_20models,2345.0
Kishanganj,4.6597053096999375,19196,bihar,jordi_300m_20models,2346.0
Lakhisarai,4.908770586993243,7696,bihar,jordi_300m_20models,3436.0
Madhepura,4.4730422771099425,19965,bihar,jordi_300m_20models,2330.0
Madhubani,4.535131479055643,33589,bihar,jordi_300m_20models,2139.0
Munger,4.436851219767143,7773,bihar,jordi_300m_20models,3234.0
Muzaffarpur,3.778383978562663,26076,bihar,jordi_300m_20models,2109.0
Nalanda,5.258063630453118,21341,bihar,jordi_300m_20models,2786.0
Nawada,4.514640312349584,14543,bihar,jordi_300m_20models,2705.0
Pashchimi Champaran,4.273452692990615,23654,bihar,jordi_300m_20models,1913.0
Patna,4.823108488333814,24301,bihar,jordi_300m_20models,2954.0
Purbi Champaran,4.324885020711501,36936,bihar,jordi_300m_20models,1527.0
Purnia,4.281936770428016,32125,bihar,jordi_300m_20models,2449.0
Rohtas,6.597219908619294,21011,bihar,jordi_300m_20models,3843.0
Saharsa,4.113205780646245,17857,bihar,jordi_300m_20models,2156.0
Samastipur,3.873695965562453,9343,bihar,jordi_300m_20models,2587.0
Saran,3.9848631658552724,21157,bihar,jordi_300m_20models,2711.0
Sheikhpura,4.6811195447091825,6327,bihar,jordi_300m_20models,2818.0
Sheohar,4.724448596566001,4106,bihar,jordi_300m_20models,2016.0
Sitamarhi,4.265890459877635,19777,bihar,jordi_300m_20models,1732.0
Siwan,3.904243056626568,19452,bihar,jordi_300m_20models,1804.0
Supaul,4.4821582144863,24927,bihar,jordi_300m_20models,2296.0
Vaishali,3.281524373376311,10393,bihar,jordi_300m_20models,2501.0
Chandigarh,2.547340311029906,1488,chandigarh,raw_300m,4979.0
Chandigarh,3.1558846693772535,104,chandigarh,esri_300m,4979.0
Chandigarh,2.986592928568522,3,chandigarh,jordi_300m,4979.0
Chandigarh,3.877483367919922,1,chandigarh,jordi_300m_20models,4979.0
Balod,5.610090598412857,40198,chhattisgarh,raw_300m,3854.0
Bastar,4.718393189969771,63847,chhattisgarh,raw_300m,2329.0
Bemetara,5.440311930994761,26911,chhattisgarh,raw_300m,2933.0
Bijapur,5.432100164880461,109170,chhattisgarh,raw_300m,1672.0
Bilaspur,5.067067240189081,42733,chhattisgarh,raw_300m,3161.0
Dakshin Bastar Dantewada,4.819883871161589,33282,chhattisgarh,raw_300m,1421.0
Dhamtari,5.9449087172232815,48777,chhattisgarh,raw_300m,3866.0
Durg,4.872068823080833,27538,chhattisgarh,raw_300m,2611.0
Gariyaband,5.661066143361851,57742,chhattisgarh,raw_300m,2131.0
Gaurela-Pendra-Marwahi,4.677405661597351,24165,chhattisgarh,raw_300m,2952.0
Janjgir - Champa,5.330403007108215,54022,chhattisgarh,raw_300m,3237.0
Jashpur,4.691948161655779,70879,chhattisgarh,raw_300m,1452.0
Kabirdham,5.177731939633845,50525,chhattisgarh,raw_300m,2054.0
Kondagaon,4.86129762615954,60261,chhattisgarh,raw_300m,1838.0
Korba,4.5429851576703655,79755,chhattisgarh,raw_300m,1735.0
Korea,4.479717729393468,80375,chhattisgarh,raw_300m,1768.0
Mahasamund,5.5853114130625725,56926,chhattisgarh,raw_300m,1936.0
Mungeli,5.840462490297928,33498,chhattisgarh,raw_300m,2775.0
Narainpur,5.800263159317489,46241,chhattisgarh,raw_300m,1354.0
Raigarh,4.902107803866589,84881,chhattisgarh,raw_300m,2316.0
Raipur,4.545204179475393,34807,chhattisgarh,raw_300m,3386.0
Raj Nandgaon,5.014056204099813,96541,chhattisgarh,raw_300m,2622.0
Sukma,4.83204052533561,64435,chhattisgarh,raw_300m,2050.0
Surajpur,4.411383471192671,66372,chhattisgarh,raw_300m,1983.0
Surguja,4.5802291949973215,48534,chhattisgarh,raw_300m,1921.0
Uttar Bastar Kanker,5.1009181051117425,85509,chhattisgarh,raw_300m,1848.0
Balod,6.1605716036863996,19477,chhattisgarh,esri_300m,3854.0
Bastar,4.280251062224517,25183,chhattisgarh,esri_300m,2329.0
Bemetara,5.543233447838711,24453,chhattisgarh,esri_300m,2933.0
Bijapur,4.363064236111111,1800,chhattisgarh,esri_300m,1672.0
Bilaspur,5.374139675586815,24028,chhattisgarh,esri_300m,3161.0
Dakshin Bastar Dantewada,3.9431713586566093,2088,chhattisgarh,esri_300m,1421.0
Dhamtari,6.767165630004151,16861,chhattisgarh,esri_300m,3866.0
Durg,5.171157760202002,22079,chhattisgarh,esri_300m,2611.0
Gariyaband,5.8784282374735355,14170,chhattisgarh,esri_300m,2131.0
Gaurela-Pendra-Marwahi,4.325357413967612,7657,chhattisgarh,esri_300m,2952.0
Janjgir - Champa,5.662208778082411,37568,chhattisgarh,esri_300m,3237.0
Jashpur,4.286430969060128,32547,chhattisgarh,esri_300m,1452.0
Kabirdham,4.814639490513454,27091,chhattisgarh,esri_300m,2054.0
Kondagaon,4.703382399903097,22703,chhattisgarh,esri_300m,1838.0
Korba,4.455810776786649,9557,chhattisgarh,esri_300m,1735.0
Korea,4.3928798049993,7141,chhattisgarh,esri_300m,1768.0
Mahasamund,6.0611655706288365,31439,chhattisgarh,esri_300m,1936.0
Mungeli,5.484305652662938,16448,chhattisgarh,esri_300m,2775.0
Narainpur,4.177897065170479,2317,chhattisgarh,esri_300m,1354.0
Raigarh,5.379095894649979,29084,chhattisgarh,esri_300m,2316.0
Raipur,4.913592703772856,23298,chhattisgarh,esri_300m,3386.0
Raj Nandgaon,4.958743653235627,45988,chhattisgarh,esri_300m,2622.0
Sukma,3.990002200956253,2183,chhattisgarh,esri_300m,2050.0
Surajpur,4.305287929890523,18086,chhattisgarh,esri_300m,1983.0
Surguja,4.554471162533315,22137,chhattisgarh,esri_300m,1921.0
Uttar Bastar Kanker,5.084672124335106,18800,chhattisgarh,esri_300m,1848.0
Balod,5.940440625225811,27678,chhattisgarh,jordi_300m,3854.0
Bastar,4.3897058384663135,20943,chhattisgarh,jordi_300m,2329.0
Bemetara,5.618176397752959,22563,chhattisgarh,jordi_300m,2933.0
Bijapur,4.2780654529752615,13461,chhattisgarh,jordi_300m,1672.0
Bilaspur,5.155470609233698,31515,chhattisgarh,jordi_300m,3161.0
Dakshin Bastar Dantewada,3.9251990536449264,6317,chhattisgarh,jordi_300m,1421.0
Dhamtari,6.469296269976275,22339,chhattisgarh,jordi_300m,3866.0
Durg,5.212560127475678,23024,chhattisgarh,jordi_300m,2611.0
Gariyaband,5.587956677363614,24306,chhattisgarh,jordi_300m,2131.0
Gaurela-Pendra-Marwahi,4.270497351820995,12603,chhattisgarh,jordi_300m,2952.0
Janjgir - Champa,5.536905075926845,48336,chhattisgarh,jordi_300m,3237.0
Jashpur,4.310800491587882,33107,chhattisgarh,jordi_300m,1452.0
Kabirdham,4.809116284167876,24804,chhattisgarh,jordi_300m,2054.0
Kondagaon,4.674543964574565,24234,chhattisgarh,jordi_300m,1838.0
Korba,4.230213756714008,30347,chhattisgarh,jordi_300m,1735.0
Korea,4.090186473627667,19547,chhattisgarh,jordi_300m,1768.0
Mahasamund,5.762424997665297,42832,chhattisgarh,jordi_300m,1936.0
Mungeli,5.425967698708459,19589,chhattisgarh,jordi_300m,2775.0
Narainpur,4.244645693198804,4014,chhattisgarh,jordi_300m,1354.0
Raigarh,4.990267177082454,47396,chhattisgarh,jordi_300m,2316.0
Raipur,4.904765032294443,29262,chhattisgarh,jordi_300m,3386.0
Raj Nandgaon,4.938289438468047,57913,chhattisgarh,jordi_300m,2622.0
Sukma,3.9485755910954334,10489,chhattisgarh,jordi_300m,2050.0
Surajpur,4.18339273505508,25962,chhattisgarh,jordi_300m,1983.0
Surguja,4.536351756428678,20183,chhattisgarh,jordi_300m,1921.0
Uttar Bastar Kanker,4.822971355512636,36761,chhattisgarh,jordi_300m,1848.0
Balod,6.056322193917237,25712,chhattisgarh,jordi_300m_20models,3854.0
Bastar,4.3348042720248845,24915,chhattisgarh,jordi_300m_20models,2329.0
Bemetara,5.639843849467385,23563,chhattisgarh,jordi_300m_20models,2933.0
Bijapur,4.386966971695317,8435,chhattisgarh,jordi_300m_20models,1672.0
Bilaspur,5.242393532463186,29880,chhattisgarh,jordi_300m_20models,3161.0
Dakshin Bastar Dantewada,3.916185764300973,4213,chhattisgarh,jordi_300m_20models,1421.0
Dhamtari,6.625211148648648,21312,chhattisgarh,jordi_300m_20models,3866.0
Durg,5.272266016800401,21934,chhattisgarh,jordi_300m_20models,2611.0
Gariyaband,5.649182776968564,22999,chhattisgarh,jordi_300m_20models,2131.0
Gaurela-Pendra-Marwahi,4.29678579358031,11823,chhattisgarh,jordi_300m_20models,2952.0
Janjgir - Champa,5.618464515799436,46489,chhattisgarh,jordi_300m_20models,3237.0
Jashpur,4.32119812468094,33301,chhattisgarh,jordi_300m_20models,1452.0
Kabirdham,4.861459980574753,25611,chhattisgarh,jordi_300m_20models,2054.0
Kondagaon,4.7174025484602,24711,chhattisgarh,jordi_300m_20models,1838.0
Korba,4.288633763510317,27479,chhattisgarh,jordi_300m_20models,1735.0
Korea,4.147150445522069,18714,chhattisgarh,jordi_300m_20models,1768.0
Mahasamund,5.8154607840183195,41485,chhattisgarh,jordi_300m_20models,1936.0
Mungeli,5.486609107263033,19317,chhattisgarh,jordi_300m_20models,2775.0
Narainpur,4.208886688412551,3219,chhattisgarh,jordi_300m_20models,1354.0
Raigarh,5.110383749326524,42689,chhattisgarh,jordi_300m_20models,2316.0
Raipur,4.977706293023916,28182,chhattisgarh,jordi_300m_20models,3386.0
Raj Nandgaon,4.999816259345531,53234,chhattisgarh,jordi_300m_20models,2622.0
Sukma,3.960263480392157,6375,chhattisgarh,jordi_300m_20models,2050.0
Surajpur,4.246794012050182,24232,chhattisgarh,jordi_300m_20models,1983.0
Surguja,4.54308174070248,22748,chhattisgarh,jordi_300m_20models,1921.0
Uttar Bastar Kanker,4.903463907579655,30318,chhattisgarh,jordi_300m_20models,1848.0
Ahmadabad,2.8250218533961533,87658,gujarat,raw_300m,2661.0
Anand,3.417391763282819,38339,gujarat,raw_300m,2783.0
Aravalli,4.1007503910833005,38355,gujarat,raw_300m,2567.0
Bharuch,2.69084825195774,59252,gujarat,raw_300m,1689.0
Botad,2.9818374347236634,29873,gujarat,raw_300m,2567.0
Chhota Udepur,4.006377681077709,41681,gujarat,raw_300m,1258.0
Dahod,4.129713521015067,44135,gujarat,raw_300m,1593.0
Dangs,5.06320212249633,21119,gujarat,raw_300m,1958.0
Gandhinagar,3.608073273164626,25567,gujarat,raw_300m,2334.0
Gar Somnath,3.979564514025046,31622,gujarat,raw_300m,1904.0
Kheda,3.8002367821604124,41705,gujarat,raw_300m,2732.0
Mahesana,3.1823654530834586,53787,gujarat,raw_300m,2198.0
Mahisagar,4.219951233652365,30509,gujarat,raw_300m,2234.0
Narmada,3.9121599430224663,33873,gujarat,raw_300m,992.0
Navsari,4.063215757587268,26327,gujarat,raw_300m,2827.0
Panch Mahals,3.8987883407592006,39726,gujarat,raw_300m,1806.0
Sabar Kantha,4.174613510993894,51756,gujarat,raw_300m,2943.0
Surat,3.116532508522563,51921,gujarat,raw_300m,2322.0
Surendranagar,2.6686375241823006,111135,gujarat,raw_300m,2466.0
Tapi,3.8493273885519734,37596,gujarat,raw_300m,2609.0
Vadodara,3.1175779351611856,49384,gujarat,raw_300m,1989.0
Valsad,4.302136048958007,35173,gujarat,raw_300m,2678.0
Ahmadabad,2.9022263639538686,67286,gujarat,esri_300m,2661.0
Anand,4.023283741643948,26777,gujarat,esri_300m,2783.0
Aravalli,4.173045080565978,28517,gujarat,esri_300m,2567.0
Bharuch,2.803979961510958,47546,gujarat,esri_300m,1689.0
Botad,3.054740736797274,27589,gujarat,esri_300m,2567.0
Chhota Udepur,4.004791383989145,27269,gujarat,esri_300m,1258.0
Dahod,4.0898675498172175,27902,gujarat,esri_300m,1593.0
Dangs,4.597268363025701,1712,gujarat,esri_300m,1958.0
Gandhinagar,3.7482190337631063,19933,gujarat,esri_300m,2334.0
Gar Somnath,4.237763456711423,25099,gujarat,esri_300m,1904.0
Kheda,3.8712092484190737,35106,gujarat,esri_300m,2732.0
Mahesana,3.229402105476587,46854,gujarat,esri_300m,2198.0
Mahisagar,4.360795017684146,19509,gujarat,esri_300m,2234.0
Narmada,3.926839081550058,19767,gujarat,esri_300m,992.0
Navsari,3.890926787396724,13798,gujarat,esri_300m,2827.0
Panch Mahals,3.8946558014354067,26125,gujarat,esri_300m,1806.0
Sabar Kantha,4.327387081784386,33625,gujarat,esri_300m,2943.0
Surat,3.2283162301903374,36409,gujarat,esri_300m,2322.0
Surendranagar,2.7089450852969237,97483,gujarat,esri_300m,2466.0
Tapi,4.187185728163644,20459,gujarat,esri_300m,2609.0
Vadodara,3.2501227274395617,40868,gujarat,esri_300m,1989.0
Valsad,4.328235427675033,11355,gujarat,esri_300m,2678.0
Ahmadabad,4.672366913305395,9545,gujarat,jordi_300m,2661.0
Anand,5.179639725719425,5560,gujarat,jordi_300m,2783.0
Aravalli,4.506918770926339,7,gujarat,jordi_300m,2567.0
Bharuch,3.3754639668367346,3675,gujarat,jordi_300m,1689.0
Botad,2.7286431789398193,1,gujarat,jordi_300m,2567.0
Chhota Udepur,3.952643561256306,446,gujarat,jordi_300m,1258.0
Dahod,3.805558874251995,141,gujarat,jordi_300m,1593.0
Dangs,5.073440869649251,6,gujarat,jordi_300m,1958.0
Gandhinagar,4.501152385364879,176,gujarat,jordi_300m,2334.0
Gar Somnath,3.669964130108173,26,gujarat,jordi_300m,1904.0
Kheda,5.0309165221236904,5441,gujarat,jordi_300m,2732.0
Mahesana,4.384876251220703,352,gujarat,jordi_300m,2198.0
Mahisagar,5.2022145552362415,1381,gujarat,jordi_300m,2234.0
Narmada,3.2962822475316336,326,gujarat,jordi_300m,992.0
Navsari,3.558568786364937,2621,gujarat,jordi_300m,2827.0
Panch Mahals,5.030076777574737,1522,gujarat,jordi_300m,1806.0
Sabar Kantha,5.030679803145559,19,gujarat,jordi_300m,2943.0
Surat,3.1751301304854715,16726,gujarat,jordi_300m,2322.0
Surendranagar,3.479340858066205,194,gujarat,jordi_300m,2466.0
Tapi,3.9537691450388417,4248,gujarat,jordi_300m,2609.0
Vadodara,4.361060384114583,2400,gujarat,jordi_300m,1989.0
Valsad,4.1854267630347595,187,gujarat,jordi_300m,2678.0
Ahmadabad,5.848444321576287,68,gujarat,jordi_300m_20models,2661.0
Anand,5.6577670010653405,55,gujarat,jordi_300m_20models,2783.0
Aravalli,0.0,0,gujarat,jordi_300m_20models,2567.0
Bharuch,4.46436767578125,40,gujarat,jordi_300m_20models,1689.0
Botad,0.0,0,gujarat,jordi_300m_20models,2567.0
Chhota Udepur,0.0,0,gujarat,jordi_300m_20models,1258.0
Dahod,0.0,0,gujarat,jordi_300m_20models,1593.0
Dangs,0.0,0,gujarat,jordi_300m_20models,1958.0
Gandhinagar,0.0,0,gujarat,jordi_300m_20models,2334.0
Gar Somnath,0.0,0,gujarat,jordi_300m_20models,1904.0
Kheda,5.741406847546984,143,gujarat,jordi_300m_20models,2732.0
Mahesana,0.0,0,gujarat,jordi_300m_20models,2198.0
Mahisagar,5.663848331996372,14,gujarat,jordi_300m_20models,2234.0
Narmada,0.0,0,gujarat,jordi_300m_20models,992.0
Navsari,4.009456634521484,2,gujarat,jordi_300m_20models,2827.0
Panch Mahals,6.1015341016981335,9,gujarat,jordi_300m_20models,1806.0
Sabar Kantha,0.0,0,gujarat,jordi_300m_20models,2943.0
Surat,4.37240985261292,238,gujarat,jordi_300m_20models,2322.0
Surendranagar,0.0,0,gujarat,jordi_300m_20models,2466.0
Tapi,5.476547718048096,1,gujarat,jordi_300m_20models,2609.0
Vadodara,5.584758666402476,207,gujarat,jordi_300m_20models,1989.0
Valsad,0.0,0,gujarat,jordi_300m_20models,2678.0
Ambala,4.110789569587233,19551,haryana,raw_300m,4275.0
Bhiwani,3.2848957462187283,41851,haryana,raw_300m,2808.0
Charkhi Dadri,3.2750772235406127,17593,haryana,raw_300m,2579.0
Faridabad,2.8003287725823593,9410,haryana,raw_300m,2743.0
Fatehabad,4.36620756339462,32416,haryana,raw_300m,4212.0
Gurugram,2.8128859394728534,15840,haryana,raw_300m,2289.0
Hisar,3.469885299625468,52065,haryana,raw_300m,3156.0
Jhajjar,3.211047008660117,23614,haryana,raw_300m,2781.0
Jind,4.210255644422824,34946,haryana,raw_300m,4230.0
Kaithal,4.875733665914298,29241,haryana,raw_300m,4253.0
Karnal,4.73471752634062,31795,haryana,raw_300m,4242.0
Kurukshetra,4.600632225015058,21583,haryana,raw_300m,4825.0
Mahendragarh,3.4225126573548046,24467,haryana,raw_300m,3822.0
Mewat,3.276197381545322,19174,haryana,raw_300m,2268.0
Palwal,3.473886020636861,17178,haryana,raw_300m,3024.0
Panchkula,4.24954496597672,11426,haryana,raw_300m,4819.0
Panipat,4.025637353998203,16695,haryana,raw_300m,3409.0
Rewari,3.09779316846416,19657,haryana,raw_300m,2881.0
Rohtak,3.710819162197761,21258,haryana,raw_300m,3126.0
Sirsa,4.016582481984858,54815,haryana,raw_300m,3515.0
Sonipat,3.806271380986676,27770,haryana,raw_300m,2856.0
Yamunanagar,4.414148413556878,22188,haryana,raw_300m,4286.0
Ambala,4.340650818715201,16703,haryana,esri_300m,4275.0
Bhiwani,3.375466439578964,37669,haryana,esri_300m,2808.0
Charkhi Dadri,3.361203803250947,16103,haryana,esri_300m,2579.0
Faridabad,3.1392386124217806,4954,haryana,esri_300m,2743.0
Fatehabad,4.494342292820395,30517,haryana,esri_300m,4212.0
Gurugram,3.0524704277386117,9220,haryana,esri_300m,2289.0
Hisar,3.6032698784575814,47432,haryana,esri_300m,3156.0
Jhajjar,3.366883336337419,20805,haryana,esri_300m,2781.0
Jind,4.364909044981951,32413,haryana,esri_300m,4230.0
Kaithal,5.06001207256591,26817,haryana,esri_300m,4253.0
Karnal,4.976555419019731,28686,haryana,esri_300m,4242.0
Kurukshetra,4.799056519912076,19335,haryana,esri_300m,4825.0
Mahendragarh,3.517713692845355,20602,haryana,esri_300m,3822.0
Mewat,3.316375786877933,15131,haryana,esri_300m,2268.0
Palwal,3.6339672284020517,15013,haryana,esri_300m,3024.0
Panchkula,3.5756893074262557,4102,haryana,esri_300m,4819.0
Panipat,4.426959485510365,13941,haryana,esri_300m,3409.0
Rewari,3.1999886564768705,16667,haryana,esri_300m,2881.0
Rohtak,3.948109397575855,18687,haryana,esri_300m,3126.0
Sirsa,4.127875432977921,51677,haryana,esri_300m,3515.0
Sonipat,4.056311319040698,24080,haryana,esri_300m,2856.0
Yamunanagar,4.568613617212924,17208,haryana,esri_300m,4286.0
Ambala,4.627723235862736,10345,haryana,jordi_300m,4275.0
Bhiwani,4.719222898405742,3936,haryana,jordi_300m,2808.0
Charkhi Dadri,4.507894556498154,1083,haryana,jordi_300m,2579.0
Faridabad,3.4809062290985433,1682,haryana,jordi_300m,2743.0
Fatehabad,4.865675344469831,21446,haryana,jordi_300m,4212.0
Gurugram,3.727173421984521,428,haryana,jordi_300m,2289.0
Hisar,4.458221929704595,13710,haryana,jordi_300m,3156.0
Jhajjar,4.337338410341738,7813,haryana,jordi_300m,2781.0
Jind,4.695888348061279,24217,haryana,jordi_300m,4230.0
Kaithal,5.115956071555328,25358,haryana,jordi_300m,4253.0
Karnal,5.077993542523222,26268,haryana,jordi_300m,4242.0
Kurukshetra,4.87817744679624,17339,haryana,jordi_300m,4825.0
Mahendragarh,0.0,0,haryana,jordi_300m,3822.0
Mewat,3.9576550010227844,993,haryana,jordi_300m,2268.0
Palwal,4.05827913177831,5643,haryana,jordi_300m,3024.0
Panchkula,3.95709517629523,760,haryana,jordi_300m,4819.0
Panipat,4.619640461423419,11367,haryana,jordi_300m,3409.0
Rewari,4.381038120814732,196,haryana,jordi_300m,2881.0
Rohtak,4.565119919529319,11324,haryana,jordi_300m,3126.0
Sirsa,4.79737235915493,17750,haryana,jordi_300m,3515.0
Sonipat,4.428557452033548,17408,haryana,jordi_300m,2856.0
Yamunanagar,4.737526843024353,10594,haryana,jordi_300m,4286.0
Ambala,4.646285980935387,6655,haryana,jordi_300m_20models,4275.0
Bhiwani,5.104889128376995,2443,haryana,jordi_300m_20models,2808.0
Charkhi Dadri,4.756743000913634,838,haryana,jordi_300m_20models,2579.0
Faridabad,0.0,0,haryana,jordi_300m_20models,2743.0
Fatehabad,5.017171066288403,18065,haryana,jordi_300m_20models,4212.0
Gurugram,3.8531854091546474,156,haryana,jordi_300m_20models,2289.0
Hisar,4.782537078755192,7463,haryana,jordi_300m_20models,3156.0
Jhajjar,4.580008691984858,6076,haryana,jordi_300m_20models,2781.0
Jind,4.912753767987699,17234,haryana,jordi_300m_20models,4230.0
Kaithal,5.302971360272568,20472,haryana,jordi_300m_20models,4253.0
Karnal,5.3423374787822375,18263,haryana,jordi_300m_20models,4242.0
Kurukshetra,5.0665142371200815,12733,haryana,jordi_300m_20models,4825.0
Mahendragarh,0.0,0,haryana,jordi_300m_20models,3822.0
Mewat,3.581132173538208,1,haryana,jordi_300m_20models,2268.0
Palwal,0.0,0,haryana,jordi_300m_20models,3024.0
Panchkula,3.93330506441886,855,haryana,jordi_300m_20models,4819.0
Panipat,4.784972723351931,6811,haryana,jordi_300m_20models,3409.0
Rewari,4.5626952366799305,161,haryana,jordi_300m_20models,2881.0
Rohtak,4.843485185578909,8231,haryana,jordi_300m_20models,3126.0
Sirsa,4.8821640107476005,14794,haryana,jordi_300m_20models,3515.0
Sonipat,4.703298215100365,10960,haryana,jordi_300m_20models,2856.0
Yamunanagar,4.60984781343643,292,haryana,jordi_300m_20models,4286.0
Bilaspur,4.8957437290695385,15229,himachal_pradesh,raw_300m,1660.0
Chamba,5.731704589861638,81887,himachal_pradesh,raw_300m,1370.0
Ham|Rpur,5.40949115707434,14595,himachal_pradesh,raw_300m,1430.0
Kangra,5.066490871840508,75289,himachal_pradesh,raw_300m,2450.0
Kinnaur,2.972932389594714,80363,himachal_pradesh,raw_300m,2470.0
Kullu,4.6067258641155355,70766,himachal_pradesh,raw_300m,1260.0
Mandi,5.5324327231762975,51708,himachal_pradesh,raw_300m,2030.0
Shimla,6.000246909407718,66573,himachal_pradesh,raw_300m,1380.0
Sirmaur,5.350627184181069,36627,himachal_pradesh,raw_300m,2590.0
Solan,5.1866234786314624,25224,himachal_pradesh,raw_300m,5110.0
Una,5.474657550148589,20190,himachal_pradesh,raw_300m,2170.0
Bilaspur,4.686984592013889,459,himachal_pradesh,esri_300m,1660.0
Chamba,5.136060982696281,242,himachal_pradesh,esri_300m,1370.0
Ham|Rpur,4.547995885213216,384,himachal_pradesh,esri_300m,1430.0
Kangra,4.226311750020761,6021,himachal_pradesh,esri_300m,2450.0
Kinnaur,4.9740824699401855,16,himachal_pradesh,esri_300m,2470.0
Kullu,5.040226038490854,205,himachal_pradesh,esri_300m,1260.0
Mandi,4.532101400234295,987,himachal_pradesh,esri_300m,2030.0
Shimla,5.256054979446936,669,himachal_pradesh,esri_300m,1380.0
Sirmaur,4.523407346491228,1425,himachal_pradesh,esri_300m,2590.0
Solan,4.200875954954803,1853,himachal_pradesh,esri_300m,5110.0
Una,4.2124311534565715,3949,himachal_pradesh,esri_300m,2170.0
Bilaspur,4.653984069824219,7,himachal_pradesh,jordi_300m,1660.0
Chamba,2.4621941316212324,282,himachal_pradesh,jordi_300m,1370.0
Ham|Rpur,0.0,0,himachal_pradesh,jordi_300m,1430.0
Kangra,3.9837238340887406,1310,himachal_pradesh,jordi_300m,2450.0
Kinnaur,0.21876839063049144,1067,himachal_pradesh,jordi_300m,2470.0
Kullu,0.10344589267842656,886,himachal_pradesh,jordi_300m,1260.0
Mandi,3.9988585252028246,13,himachal_pradesh,jordi_300m,2030.0
Shimla,0.6362030029296875,15,himachal_pradesh,jordi_300m,1380.0
Sirmaur,4.84881351156474,558,himachal_pradesh,jordi_300m,2590.0
Solan,4.514729817708333,135,himachal_pradesh,jordi_300m,5110.0
Una,4.649069830981648,361,himachal_pradesh,jordi_300m,2170.0
Bilaspur,4.667341613769532,5,himachal_pradesh,jordi_300m_20models,1660.0
Chamba,0.998152849150867,41,himachal_pradesh,jordi_300m_20models,1370.0
Ham|Rpur,0.0,0,himachal_pradesh,jordi_300m_20models,1430.0
Kangra,4.114919844419882,933,himachal_pradesh,jordi_300m_20models,2450.0
Kinnaur,0.0,0,himachal_pradesh,jordi_300m_20models,2470.0
Kullu,0.4084947797987196,45,himachal_pradesh,jordi_300m_20models,1260.0
Mandi,4.638678414481027,14,himachal_pradesh,jordi_300m_20models,2030.0
Shimla,0.0,0,himachal_pradesh,jordi_300m_20models,1380.0
Sirmaur,5.0411939371318715,382,himachal_pradesh,jordi_300m_20models,2590.0
Solan,4.587691945043104,290,himachal_pradesh,jordi_300m_20models,5110.0
Una,4.449292664134174,327,himachal_pradesh,jordi_300m_20models,2170.0
Bokaro,3.9151434160685805,35112,jharkhand,raw_300m,1148.0
Chatra,4.537783663658825,46545,jharkhand,raw_300m,1924.0
Deoghar,3.996092595177873,30443,jharkhand,raw_300m,2240.0
Dhanbad,3.6933258560749165,24881,jharkhand,raw_300m,1522.0
Dumka,4.392746758706737,46085,jharkhand,raw_300m,1292.0
East Singhbhum,4.709899818591995,42997,jharkhand,raw_300m,2125.0
Garhwa,4.476299164306514,50138,jharkhand,raw_300m,1235.0
Giridih,3.9057309576498462,60779,jharkhand,raw_300m,1932.0
Godda,4.664409981675206,28104,jharkhand,raw_300m,1464.0
Gumla,4.542373557078959,65059,jharkhand,raw_300m,654.0
Hazaribagh,4.160936527874663,53041,jharkhand,raw_300m,1200.0
Jamtara,3.834756845319014,22068,jharkhand,raw_300m,1519.0
Khunti,4.630510308190262,31977,jharkhand,raw_300m,1378.0
Kodarma,4.5116977570163215,20096,jharkhand,raw_300m,2814.0
Latehar,5.162624630456206,51753,jharkhand,raw_300m,1005.0
Lohardaga,4.786187864600371,18342,jharkhand,raw_300m,1550.0
Pakur,4.1156039185946485,22087,jharkhand,raw_300m,1148.0
Palamu,4.467936483899606,54067,jharkhand,raw_300m,1519.0
Ramgarh,3.9367079874602613,16986,jharkhand,raw_300m,1384.0
Ranchi,4.303382773431697,60591,jharkhand,raw_300m,1436.0
Sahibganj,4.2850815252650705,26974,jharkhand,raw_300m,1806.0
Saraikela-Kharsawan,4.207493696664081,32225,jharkhand,raw_300m,1407.0
Simdega,4.505160305552513,45655,jharkhand,raw_300m,1436.0
West Singhbhum,4.684464819844599,87258,jharkhand,raw_300m,1148.0
Bokaro,3.9177250465582696,13961,jharkhand,esri_300m,1148.0
Chatra,3.904220278547312,11551,jharkhand,esri_300m,1924.0
Deoghar,4.071472230026221,18687,jharkhand,esri_300m,2240.0
Dhanbad,3.918340311511523,8852,jharkhand,esri_300m,1522.0
Dumka,4.334437868996825,20156,jharkhand,esri_300m,1292.0
East Singhbhum,4.615485785902978,16656,jharkhand,esri_300m,2125.0
Garhwa,4.052408076452421,17161,jharkhand,esri_300m,1235.0
Giridih,3.799771641333792,23257,jharkhand,esri_300m,1932.0
Godda,4.720646197940654,15199,jharkhand,esri_300m,1464.0
Gumla,4.161250152211635,32849,jharkhand,esri_300m,654.0
Hazaribagh,3.837897880871036,15074,jharkhand,esri_300m,1200.0
Jamtara,3.896520619319258,10562,jharkhand,esri_300m,1519.0
Khunti,4.295268344896736,10846,jharkhand,esri_300m,1378.0
Kodarma,3.7316093467790488,4983,jharkhand,esri_300m,2814.0
Latehar,4.497294271062594,11359,jharkhand,esri_300m,1005.0
Lohardaga,4.217812957714007,9217,jharkhand,esri_300m,1550.0
Pakur,4.0481131431518484,12361,jharkhand,esri_300m,1148.0
Palamu,4.037638418552819,23107,jharkhand,esri_300m,1519.0
Ramgarh,3.8653575422710076,6343,jharkhand,esri_300m,1384.0
Ranchi,4.282638746791175,26879,jharkhand,esri_300m,1436.0
Sahibganj,4.10286207585503,12982,jharkhand,esri_300m,1806.0
Saraikela-Kharsawan,4.241323045923417,13136,jharkhand,esri_300m,1407.0
Simdega,4.071010455204743,11893,jharkhand,esri_300m,1436.0
West Singhbhum,4.031215058887422,23477,jharkhand,esri_300m,1148.0
Bokaro,3.8335867712740948,19143,jharkhand,jordi_300m,1148.0
Chatra,3.9413444309059633,8720,jharkhand,jordi_300m,1924.0
Deoghar,4.121092032751366,15923,jharkhand,jordi_300m,2240.0
Dhanbad,3.7575113974392136,15464,jharkhand,jordi_300m,1522.0
Dumka,4.301560389068188,26647,jharkhand,jordi_300m,1292.0
East Singhbhum,4.53510250397241,27691,jharkhand,jordi_300m,2125.0
Garhwa,4.02384248955694,14603,jharkhand,jordi_300m,1235.0
Giridih,3.8526934481606028,24682,jharkhand,jordi_300m,1932.0
Godda,4.635712681764173,17674,jharkhand,jordi_300m,1464.0
Gumla,4.163998503778258,31496,jharkhand,jordi_300m,654.0
Hazaribagh,3.870257317313904,13931,jharkhand,jordi_300m,1200.0
Jamtara,3.902322449917022,16872,jharkhand,jordi_300m,1519.0
Khunti,4.301058645163759,13068,jharkhand,jordi_300m,1378.0
Kodarma,3.7226839742413116,4086,jharkhand,jordi_300m,2814.0
Latehar,4.510807042008018,11474,jharkhand,jordi_300m,1005.0
Lohardaga,4.265714680736578,8363,jharkhand,jordi_300m,1550.0
Pakur,4.002906079097011,16091,jharkhand,jordi_300m,1148.0
Palamu,4.0187322847418265,21962,jharkhand,jordi_300m,1519.0
Ramgarh,3.7789552110456857,8449,jharkhand,jordi_300m,1384.0
Ranchi,4.306208963634096,28062,jharkhand,jordi_300m,1436.0
Sahibganj,4.106048635357566,16039,jharkhand,jordi_300m,1806.0
Saraikela-Kharsawan,4.083299229978253,21152,jharkhand,jordi_300m,1407.0
Simdega,4.139008833095156,20293,jharkhand,jordi_300m,1436.0
West Singhbhum,4.029678613232152,31824,jharkhand,jordi_300m,1148.0
Bokaro,3.8930294798029377,13752,jharkhand,jordi_300m_20models,1148.0
Chatra,4.101255067018212,5381,jharkhand,jordi_300m_20models,1924.0
Deoghar,4.235906454351107,9940,jharkhand,jordi_300m_20models,2240.0
Dhanbad,3.8370211854272958,9408,jharkhand,jordi_300m_20models,1522.0
Dumka,4.374286495554555,17771,jharkhand,jordi_300m_20models,1292.0
East Singhbhum,4.6014558836489075,19858,jharkhand,jordi_300m_20models,2125.0
Garhwa,4.137945202658172,11380,jharkhand,jordi_300m_20models,1235.0
Giridih,3.9351682639309926,18143,jharkhand,jordi_300m_20models,1932.0
Godda,4.830336762053911,13170,jharkhand,jordi_300m_20models,1464.0
Gumla,4.19807902718059,29304,jharkhand,jordi_300m_20models,654.0
Hazaribagh,4.005219591785833,9021,jharkhand,jordi_300m_20models,1200.0
Jamtara,3.9810097228430936,11185,jharkhand,jordi_300m_20models,1519.0
Khunti,4.353561144605417,11113,jharkhand,jordi_300m_20models,1378.0
Kodarma,3.898921292454035,1958,jharkhand,jordi_300m_20models,2814.0
Latehar,4.544911185789727,10415,jharkhand,jordi_300m_20models,1005.0
Lohardaga,4.303567127281947,7395,jharkhand,jordi_300m_20models,1550.0
Pakur,4.042720125648395,14266,jharkhand,jordi_300m_20models,1148.0
Palamu,4.150997602113549,16134,jharkhand,jordi_300m_20models,1519.0
Ramgarh,3.8483392638621408,6231,jharkhand,jordi_300m_20models,1384.0
Ranchi,4.381323546523393,24708,jharkhand,jordi_300m_20models,1436.0
Sahibganj,4.114822855115845,12862,jharkhand,jordi_300m_20models,1806.0
Saraikela-Kharsawan,4.14339043351489,16891,jharkhand,jordi_300m_20models,1407.0
Simdega,4.1771338378694045,18408,jharkhand,jordi_300m_20models,1436.0
West Singhbhum,4.044522076324976,28359,jharkhand,jordi_300m_20models,1148.0
Bagalkot,2.8664606033488056,76266,karnataka,raw_300m,3325.0
Ballari,3.338092246262183,97985,karnataka,raw_300m,3973.0
Belagavi,3.6027066853544274,156252,karnataka,raw_300m,2118.0
Bengaluru Rural,3.567402070952723,26419,karnataka,raw_300m,2933.0
Bengaluru Urban,2.8648956514405906,25198,karnataka,raw_300m,3454.0
Bidar,3.651188077500352,63961,karnataka,raw_300m,1400.0
Chamarajanagar,3.9907287826450633,64558,karnataka,raw_300m,3168.0
Chik Ballapur,3.1118799079408688,48773,karnataka,raw_300m,2937.0
Chikkamagaluru,4.960418430601754,82675,karnataka,raw_300m,2618.0
Chitradurga,2.7839529336774036,97267,karnataka,raw_300m,2547.0
Dakshina Kannada,5.569880588054743,55386,karnataka,raw_300m,3059.0
Davangere,3.969474022934706,68368,karnataka,raw_300m,3466.0
Dharwad,3.4036984693980883,49376,karnataka,raw_300m,1077.0
Gadag,2.6104988694701334,53957,karnataka,raw_300m,3592.0
Hassan,4.1702281922305025,78229,karnataka,raw_300m,2580.0
Haveri,3.92649990810142,55768,karnataka,raw_300m,2490.0
Kalaburagi,3.2738712027242087,128184,karnataka,raw_300m,4154.0
Kodagu,6.044072668287854,46468,karnataka,raw_300m,2719.0
Kolar,3.2308225103484527,45659,karnataka,raw_300m,2283.0
Koppal,3.084198621471462,64616,karnataka,raw_300m,4410.0
Mandya,3.462212148615585,56811,karnataka,raw_300m,3244.0
Mysuru,4.091327932291233,72162,karnataka,raw_300m,3034.0
Raichur,3.5811282161628095,98176,karnataka,raw_300m,4119.0
Shivamogga,4.900915750212474,97659,karnataka,raw_300m,2713.0
Tumakuru,3.200888608337504,121883,karnataka,raw_300m,2509.0
Udupi,5.304313884296516,41131,karnataka,raw_300m,3046.0
Uttara Kannada,5.679552074826782,118781,karnataka,raw_300m,1906.0
Vijayapura,2.5816145382719276,122518,karnataka,raw_300m,3325.0
Yadgir,3.7852017306003645,61496,karnataka,raw_300m,3228.0
Bagalkot,2.9515125677930745,59925,karnataka,esri_300m,3325.0
Ballari,3.577330626166563,67506,karnataka,esri_300m,3973.0
Belagavi,3.496521054160317,118777,karnataka,esri_300m,2118.0
Bengaluru Rural,3.7294812212718917,17187,karnataka,esri_300m,2933.0
Bengaluru Urban,3.6542818399468473,5456,karnataka,esri_300m,3454.0
Bidar,3.7283659189934197,56230,karnataka,esri_300m,1400.0
Chamarajanagar,3.244033422789516,26363,karnataka,esri_300m,3168.0
Chik Ballapur,3.1866861979166665,29616,karnataka,esri_300m,2937.0
Chikkamagaluru,3.460862223307292,19200,karnataka,esri_300m,2618.0
Chitradurga,2.852868915643644,69728,karnataka,esri_300m,2547.0
Dakshina Kannada,4.830370237116228,285,karnataka,esri_300m,3059.0
Davangere,4.044831969720141,52312,karnataka,esri_300m,3466.0
Dharwad,3.1916308781335863,41127,karnataka,esri_300m,1077.0
Gadag,2.566881931499246,47744,karnataka,esri_300m,3592.0
Hassan,3.9444105396886657,38865,karnataka,esri_300m,2580.0
Haveri,3.937893713271044,47306,karnataka,esri_300m,2490.0
Kalaburagi,3.302113705024283,113867,karnataka,esri_300m,4154.0
Kodagu,5.108444570916115,2265,karnataka,esri_300m,2719.0
Kolar,3.2620166219376765,29716,karnataka,esri_300m,2283.0
Koppal,3.185003656867306,55888,karnataka,esri_300m,4410.0
Mandya,3.5841813747796945,34611,karnataka,esri_300m,3244.0
Mysuru,3.9394868549221744,49277,karnataka,esri_300m,3034.0
Raichur,3.736653711957366,83689,karnataka,esri_300m,4119.0
Shivamogga,4.512878297828434,31498,karnataka,esri_300m,2713.0
Tumakuru,3.1177597077508556,65167,karnataka,esri_300m,2509.0
Udupi,4.740288314538401,1901,karnataka,esri_300m,3046.0
Uttara Kannada,4.976205054883053,9748,karnataka,esri_300m,1906.0
Vijayapura,2.6332420256923763,116844,karnataka,esri_300m,3325.0
Yadgir,3.8975026760916527,51848,karnataka,esri_300m,3228.0
Bagalkot,3.627984008034611,2427,karnataka,jordi_300m,3325.0
Ballari,5.543774901654226,9914,karnataka,jordi_300m,3973.0
Belagavi,3.9653512335754604,10807,karnataka,jordi_300m,2118.0
Bengaluru Rural,5.423645528157552,15,karnataka,jordi_300m,2933.0
Bengaluru Urban,8.624690808747944,19,karnataka,jordi_300m,3454.0
Bidar,4.108384059025691,13,karnataka,jordi_300m,1400.0
Chamarajanagar,3.4833150809151787,700,karnataka,jordi_300m,3168.0
Chik Ballapur,3.4161765575408936,1,karnataka,jordi_300m,2937.0
Chikkamagaluru,4.982339069342157,157,karnataka,jordi_300m,2618.0
Chitradurga,3.066763401031494,1,karnataka,jordi_300m,2547.0
Dakshina Kannada,3.9678976704755167,127,karnataka,jordi_300m,3059.0
Davangere,5.069768716091041,7557,karnataka,jordi_300m,3466.0
Dharwad,5.108000414299243,660,karnataka,jordi_300m,1077.0
Gadag,5.0454365234375,500,karnataka,jordi_300m,3592.0
Hassan,4.885921732584635,120,karnataka,jordi_300m,2580.0
Haveri,4.577739503917831,2361,karnataka,jordi_300m,2490.0
Kalaburagi,5.581127877408994,467,karnataka,jordi_300m,4154.0
Kodagu,5.051754705255682,275,karnataka,jordi_300m,2719.0
Kolar,4.122817516326904,2,karnataka,jordi_300m,2283.0
Koppal,5.9020845870317435,6647,karnataka,jordi_300m,4410.0
Mandya,4.5184439030484755,2001,karnataka,jordi_300m,3244.0
Mysuru,4.8120805762430345,2333,karnataka,jordi_300m,3034.0
Raichur,5.829869866714698,15962,karnataka,jordi_300m,4119.0
Shivamogga,4.727838276859781,3737,karnataka,jordi_300m,2713.0
Tumakuru,3.56976104200932,57,karnataka,jordi_300m,2509.0
Udupi,4.56717648973652,510,karnataka,jordi_300m,3046.0
Uttara Kannada,4.689743314339122,2073,karnataka,jordi_300m,1906.0
Vijayapura,3.603307270460098,614,karnataka,jordi_300m,3325.0
Yadgir,5.842888241888495,8753,karnataka,jordi_300m,3228.0
Bagalkot,3.749391850736952,97,karnataka,jordi_300m_20models,3325.0
Ballari,5.694585850316815,5287,karnataka,jordi_300m_20models,3973.0
Belagavi,3.7227756275850186,102,karnataka,jordi_300m_20models,2118.0
Bengaluru Rural,2.9200000762939453,1,karnataka,jordi_300m_20models,2933.0
Bengaluru Urban,3.621380567550659,8,karnataka,jordi_300m_20models,3454.0
Bidar,3.9189300537109375,54,karnataka,jordi_300m_20models,1400.0
Chamarajanagar,3.60538049646326,148,karnataka,jordi_300m_20models,3168.0
Chik Ballapur,2.0104546546936035,2,karnataka,jordi_300m_20models,2937.0
Chikkamagaluru,3.9471750259399414,2,karnataka,jordi_300m_20models,2618.0
Chitradurga,2.7725989818573,1,karnataka,jordi_300m_20models,2547.0
Dakshina Kannada,4.204316033257379,72,karnataka,jordi_300m_20models,3059.0
Davangere,5.358714737915641,3248,karnataka,jordi_300m_20models,3466.0
Dharwad,3.8185184001922607,1,karnataka,jordi_300m_20models,1077.0
Gadag,5.364877554086538,325,karnataka,jordi_300m_20models,3592.0
Hassan,0.0,0,karnataka,jordi_300m_20models,2580.0
Haveri,4.9237265173410405,865,karnataka,jordi_300m_20models,2490.0
Kalaburagi,5.829712578692151,551,karnataka,jordi_300m_20models,4154.0
Kodagu,0.0,0,karnataka,jordi_300m_20models,2719.0
Kolar,2.568451166152954,4,karnataka,jordi_300m_20models,2283.0
Koppal,6.249678857693645,4312,karnataka,jordi_300m_20models,4410.0
Mandya,4.798665028301481,363,karnataka,jordi_300m_20models,3244.0
Mysuru,4.846058554798789,351,karnataka,jordi_300m_20models,3034.0
Raichur,5.852183158175989,11228,karnataka,jordi_300m_20models,4119.0
Shivamogga,4.94456084280303,165,karnataka,jordi_300m_20models,2713.0
Tumakuru,3.2429173787434897,6,karnataka,jordi_300m_20models,2509.0
Udupi,4.711896994918313,329,karnataka,jordi_300m_20models,3046.0
Uttara Kannada,5.5151923394972275,62,karnataka,jordi_300m_20models,1906.0
Vijayapura,4.0530025340892655,27,karnataka,jordi_300m_20models,3325.0
Yadgir,6.0041836008058915,7197,karnataka,jordi_300m_20models,3228.0
Alappuzha,3.832824935627341,16020,kerala,raw_300m,3043.0
Ernakulam,5.00884192823492,34599,kerala,raw_300m,1232.0
Idukki,6.4376618450333805,49430,kerala,raw_300m,1504.0
Kannur,5.486850270588586,33538,kerala,raw_300m,2362.0
Kasaragod,5.828555026904247,22673,kerala,raw_300m,2412.0
Kollam,5.935735959014054,28034,kerala,raw_300m,2371.0
Kottayam,5.786251901673473,24978,kerala,raw_300m,2668.0
Kozhikode,5.363480735717533,26396,kerala,raw_300m,1064.0
Malappuram,5.687285219363659,40230,kerala,raw_300m,2033.0
Palakkad,5.590379974681541,50556,kerala,raw_300m,2584.0
Pattanamthitta,6.811631248747746,29946,kerala,raw_300m,1350.0
Thiruvananthapuram,5.584537074554295,24680,kerala,raw_300m,2577.0
Trissur,5.4588822482197354,34405,kerala,raw_300m,2029.0
Alappuzha,4.13715167025862,3625,kerala,esri_300m,3043.0
Ernakulam,4.6264023934181004,1337,kerala,esri_300m,1232.0
Idukki,5.859616916109054,439,kerala,esri_300m,1504.0
Kannur,4.579729500463453,236,kerala,esri_300m,2362.0
Kasaragod,4.430322891626602,78,kerala,esri_300m,2412.0
Kollam,5.9065261187421285,397,kerala,esri_300m,2371.0
Kottayam,4.505844889524104,2427,kerala,esri_300m,2668.0
Kozhikode,5.234327334449405,105,kerala,esri_300m,1064.0
Malappuram,4.5678429769870235,1233,kerala,esri_300m,2033.0
Palakkad,4.958974217756848,8653,kerala,esri_300m,2584.0
Pattanamthitta,5.2533348367172215,511,kerala,esri_300m,1350.0
Thiruvananthapuram,5.335353615009679,226,kerala,esri_300m,2577.0
Trissur,4.702620222761825,4144,kerala,esri_300m,2029.0
Alappuzha,4.019643672643901,3353,kerala,jordi_300m,3043.0
Ernakulam,4.219342702842621,249,kerala,jordi_300m,1232.0
Idukki,5.458585739135742,1,kerala,jordi_300m,1504.0
Kannur,4.666382897418479,115,kerala,jordi_300m,2362.0
Kasaragod,4.497945612127131,66,kerala,jordi_300m,2412.0
Kollam,3.8549861201533564,108,kerala,jordi_300m,2371.0
Kottayam,4.355803119039104,2097,kerala,jordi_300m,2668.0
Kozhikode,3.9913194444444446,153,kerala,jordi_300m,1064.0
Malappuram,4.210325137139575,789,kerala,jordi_300m,2033.0
Palakkad,4.84154386795825,3497,kerala,jordi_300m,2584.0
Pattanamthitta,4.708880825700431,290,kerala,jordi_300m,1350.0
Thiruvananthapuram,3.636248712954314,46,kerala,jordi_300m,2577.0
Trissur,4.584568498207795,2476,kerala,jordi_300m,2029.0
Alappuzha,4.0762798248263366,3311,kerala,jordi_300m_20models,3043.0
Ernakulam,4.320532151210455,162,kerala,jordi_300m_20models,1232.0
Idukki,0.0,0,kerala,jordi_300m_20models,1504.0
Kannur,4.882503386466734,93,kerala,jordi_300m_20models,2362.0
Kasaragod,4.538255004882813,50,kerala,jordi_300m_20models,2412.0
Kollam,3.620299599387429,66,kerala,jordi_300m_20models,2371.0
Kottayam,4.345741331670579,1917,kerala,jordi_300m_20models,2668.0
Kozhikode,4.084540685017903,96,kerala,jordi_300m_20models,1064.0
Malappuram,4.252132616545024,608,kerala,jordi_300m_20models,2033.0
Palakkad,4.8363086482304745,2868,kerala,jordi_300m_20models,2584.0
Pattanamthitta,4.7587881446781015,266,kerala,jordi_300m_20models,1350.0
Thiruvananthapuram,4.488315288837139,13,kerala,jordi_300m_20models,2577.0
Trissur,4.563264732889393,2093,kerala,jordi_300m_20models,2029.0
Ahamadnagar,2.8509461089984818,202223,maharashtra,raw_300m,465.0
Amaravati,4.23737290368049,146149,maharashtra,raw_300m,797.0
Bhandara,5.015962425324937,49548,maharashtra,raw_300m,2340.0
Chandrapur,4.213705725044016,135178,maharashtra,raw_300m,1655.0
Dhule,3.228741227356704,86063,maharashtra,raw_300m,1428.0
Gadchiroli,4.973370508882062,172201,maharashtra,raw_300m,2230.0
Gondia,5.159656691701452,62047,maharashtra,raw_300m,2667.0
Kolhapur,4.577528191180088,89434,maharashtra,raw_300m,3196.0
Latur,3.7992985837482007,84766,maharashtra,raw_300m,797.0
Nagpur,4.246595678491585,118535,maharashtra,raw_300m,1798.0
Nanded,4.128687233453004,124509,maharashtra,raw_300m,2104.0
Nandurbar,3.9620779495462237,71511,maharashtra,raw_300m,978.0
Nashik,3.325346114688314,184657,maharashtra,raw_300m,1366.0
Palghar,4.278378864126528,62595,maharashtra,raw_300m,2689.0
Pune,3.21413002813969,184437,maharashtra,raw_300m,2480.0
Ratnagiri,5.5245475923102285,97064,maharashtra,raw_300m,3029.0
Raygad,4.666912569136327,82265,maharashtra,raw_300m,2821.0
Sangli,2.8330352704314974,100580,maharashtra,raw_300m,1445.0
Satara,3.5276483404432,122834,maharashtra,raw_300m,1296.0
Sindhudurg,5.395599065735207,59405,maharashtra,raw_300m,2936.0
Thane,4.028655562474055,50589,maharashtra,raw_300m,2871.0
Usmanabad,3.539597081467515,89103,maharashtra,raw_300m,798.0
Ahamadnagar,2.922639044649064,152478,maharashtra,esri_300m,465.0
Amaravati,4.268218904422343,95922,maharashtra,esri_300m,797.0
Bhandara,5.164773419346376,26682,maharashtra,esri_300m,2340.0
Chandrapur,3.9984374747817104,61959,maharashtra,esri_300m,1655.0
Dhule,3.359831430312082,63605,maharashtra,esri_300m,1428.0
Gadchiroli,4.550235755409966,25185,maharashtra,esri_300m,2230.0
Gondia,5.357001706198255,22345,maharashtra,esri_300m,2667.0
Kolhapur,4.359010616667386,46354,maharashtra,esri_300m,3196.0
Latur,3.879514956996673,79645,maharashtra,esri_300m,797.0
Nagpur,4.190316489433031,74572,maharashtra,esri_300m,1798.0
Nanded,4.24622101430224,95090,maharashtra,esri_300m,2104.0
Nandurbar,3.9959682808830927,47696,maharashtra,esri_300m,978.0
Nashik,3.26813208178199,124086,maharashtra,esri_300m,1366.0
Palghar,4.126492689155815,17816,maharashtra,esri_300m,2689.0
Pune,3.0123333063384083,101871,maharashtra,esri_300m,2480.0
Ratnagiri,4.877321549206764,1434,maharashtra,esri_300m,3029.0
Raygad,4.189000204348038,10246,maharashtra,esri_300m,2821.0
Sangli,2.8148675697234697,84620,maharashtra,esri_300m,1445.0
Satara,3.347744107685202,71449,maharashtra,esri_300m,1296.0
Sindhudurg,4.912525794194688,2052,maharashtra,esri_300m,2936.0
Thane,4.078036779685681,8590,maharashtra,esri_300m,2871.0
Usmanabad,3.5931214929230326,83581,maharashtra,esri_300m,798.0
Ahamadnagar,2.622217275582108,510,maharashtra,jordi_300m,465.0
Amaravati,2.6334684853241823,107,maharashtra,jordi_300m,797.0
Bhandara,5.051251789488036,29338,maharashtra,jordi_300m,2340.0
Chandrapur,4.32864623505592,31116,maharashtra,jordi_300m,1655.0
Dhule,3.9630139668782554,12,maharashtra,jordi_300m,1428.0
Gadchiroli,4.524015896209706,42345,maharashtra,jordi_300m,2230.0
Gondia,5.228012598488621,34141,maharashtra,jordi_300m,2667.0
Kolhapur,4.088690208994488,5987,maharashtra,jordi_300m,3196.0
Latur,2.6893302654397897,58,maharashtra,jordi_300m,797.0
Nagpur,4.014214563632781,12690,maharashtra,jordi_300m,1798.0
Nanded,4.165946462446965,383,maharashtra,jordi_300m,2104.0
Nandurbar,4.279135359404876,523,maharashtra,jordi_300m,978.0
Nashik,3.960851680871212,330,maharashtra,jordi_300m,1366.0
Palghar,3.0770008642348885,213,maharashtra,jordi_300m,2689.0
Pune,3.2157408484461567,722,maharashtra,jordi_300m,2480.0
Ratnagiri,4.479207252969547,196,maharashtra,jordi_300m,3029.0
Raygad,3.9273376982969017,1178,maharashtra,jordi_300m,2821.0
Sangli,4.0198856916085655,1255,maharashtra,jordi_300m,1445.0
Satara,4.457618775406504,246,maharashtra,jordi_300m,1296.0
Sindhudurg,4.522318079851676,276,maharashtra,jordi_300m,2936.0
Thane,3.985301925475339,166,maharashtra,jordi_300m,2871.0
Usmanabad,2.6850537016191556,131,maharashtra,jordi_300m,798.0
Ahamadnagar,3.6169670104980467,5,maharashtra,jordi_300m_20models,465.0
Amaravati,3.9492368792543315,202,maharashtra,jordi_300m_20models,797.0
Bhandara,5.1551362638493465,29153,maharashtra,jordi_300m_20models,2340.0
Chandrapur,4.362869459979554,33258,maharashtra,jordi_300m_20models,1655.0
Dhule,4.87798547744751,4,maharashtra,jordi_300m_20models,1428.0
Gadchiroli,4.614172105725224,34741,maharashtra,jordi_300m_20models,2230.0
Gondia,5.342400284194177,30261,maharashtra,jordi_300m_20models,2667.0
Kolhapur,4.069804297553168,9,maharashtra,jordi_300m_20models,3196.0
Latur,3.75209108988444,24,maharashtra,jordi_300m_20models,797.0
Nagpur,4.173860635657928,19645,maharashtra,jordi_300m_20models,1798.0
Nanded,4.568715122767857,245,maharashtra,jordi_300m_20models,2104.0
Nandurbar,4.538255214691162,1,maharashtra,jordi_300m_20models,978.0
Nashik,5.034422067495493,13,maharashtra,jordi_300m_20models,1366.0
Palghar,0.0,0,maharashtra,jordi_300m_20models,2689.0
Pune,3.7193667888641357,4,maharashtra,jordi_300m_20models,2480.0
Ratnagiri,0.0,0,maharashtra,jordi_300m_20models,3029.0
Raygad,4.963517506917317,3,maharashtra,jordi_300m_20models,2821.0
Sangli,4.104357719421387,8,maharashtra,jordi_300m_20models,1445.0
Satara,5.515504837036133,6,maharashtra,jordi_300m_20models,1296.0
Sindhudurg,0.0,0,maharashtra,jordi_300m_20models,2936.0
Thane,0.0,0,maharashtra,jordi_300m_20models,2871.0
Usmanabad,4.326006208147321,21,maharashtra,jordi_300m_20models,798.0
Bishnupur,4.711769005459721,5884,manipur,raw_300m,3062.0
Imphal East,4.97666398517796,5254,manipur,raw_300m,2501.0
Imphal West,4.383488080595397,5996,manipur,raw_300m,2782.0
Thoubal,4.618610011897372,4833,manipur,raw_300m,3012.0
Bishnupur,4.906334137128816,2391,manipur,esri_300m,3062.0
Imphal East,5.392337019127733,2333,manipur,esri_300m,2501.0
Imphal West,4.7378838349948875,2934,manipur,esri_300m,2782.0
Thoubal,5.267297094188376,2495,manipur,esri_300m,3012.0
Bishnupur,5.13495962226431,1782,manipur,jordi_300m,3062.0
Imphal East,5.4453882186006375,1883,manipur,jordi_300m,2501.0
Imphal West,4.940132561430509,2396,manipur,jordi_300m,2782.0
Thoubal,5.491407557687709,2091,manipur,jordi_300m,3012.0
Bishnupur,5.275923534106183,1488,manipur,jordi_300m_20models,3062.0
Imphal East,5.892179034442725,969,manipur,jordi_300m_20models,2501.0
Imphal West,5.101212758866567,2016,manipur,jordi_300m_20models,2782.0
Thoubal,5.700890880449592,1835,manipur,jordi_300m_20models,3012.0
East Garo Hills,7.060847647856339,19546,meghalaya,raw_300m,1769.0
East Jaintia Hills,5.950469882934338,24687,meghalaya,raw_300m,2003.0
East Khasi Hills,6.1553934014684035,35004,meghalaya,raw_300m,1772.0
North Garo Hills,6.934738672303621,15493,meghalaya,raw_300m,2510.0
Ri-Bhoi,6.410938725323059,29329,meghalaya,raw_300m,3077.0
South Garo Hills,7.202477614415211,22615,meghalaya,raw_300m,2000.0
South West Garo Hills,6.979614906307351,10353,meghalaya,raw_300m,2495.0
South West Khasi Hills,6.36004248988799,16070,meghalaya,raw_300m,1702.0
West Garo Hills,7.696494210710376,32884,meghalaya,raw_300m,2210.0
West Jaintia Hills,5.7599222376444885,21974,meghalaya,raw_300m,1715.0
West Khasi Hills,7.127379494097459,48369,meghalaya,raw_300m,1739.0
East Garo Hills,5.8977938138521635,130,meghalaya,esri_300m,1769.0
East Jaintia Hills,4.082584126790365,240,meghalaya,esri_300m,2003.0
East Khasi Hills,4.548402847782258,1116,meghalaya,esri_300m,1772.0
North Garo Hills,5.259188939144737,475,meghalaya,esri_300m,2510.0
Ri-Bhoi,4.952788494385694,526,meghalaya,esri_300m,3077.0
South Garo Hills,5.074039920879777,471,meghalaya,esri_300m,2000.0
South West Garo Hills,5.505734599087353,1534,meghalaya,esri_300m,2495.0
South West Khasi Hills,3.8973500426386445,213,meghalaya,esri_300m,1702.0
West Garo Hills,4.9200634057971016,2139,meghalaya,esri_300m,2210.0
West Jaintia Hills,4.752750301019265,279,meghalaya,esri_300m,1715.0
West Khasi Hills,7.0945207685700264,191,meghalaya,esri_300m,1739.0
East Garo Hills,6.015425793232362,163,meghalaya,jordi_300m,1769.0
East Jaintia Hills,4.933093677867543,11,meghalaya,jordi_300m,2003.0
East Khasi Hills,3.75778076171875,225,meghalaya,jordi_300m,1772.0
North Garo Hills,5.473084175100433,809,meghalaya,jordi_300m,2510.0
Ri-Bhoi,5.17607279026762,188,meghalaya,jordi_300m,3077.0
South Garo Hills,5.256652235596499,307,meghalaya,jordi_300m,2000.0
South West Garo Hills,5.600142182670015,1294,meghalaya,jordi_300m,2495.0
South West Khasi Hills,3.6728724198375673,139,meghalaya,jordi_300m,1702.0
West Garo Hills,4.70737348031648,2591,meghalaya,jordi_300m,2210.0
West Jaintia Hills,4.57060290921119,62,meghalaya,jordi_300m,1715.0
West Khasi Hills,6.163006654719717,97,meghalaya,jordi_300m,1739.0
East Garo Hills,6.110919708901263,94,meghalaya,jordi_300m_20models,1769.0
East Jaintia Hills,5.177211761474609,2,meghalaya,jordi_300m_20models,2003.0
East Khasi Hills,4.284766525518699,122,meghalaya,jordi_300m_20models,1772.0
North Garo Hills,5.472042217925566,398,meghalaya,jordi_300m_20models,2510.0
Ri-Bhoi,5.188784884423325,97,meghalaya,jordi_300m_20models,3077.0
South Garo Hills,5.2700700759887695,192,meghalaya,jordi_300m_20models,2000.0
South West Garo Hills,5.679451976102941,1275,meghalaya,jordi_300m_20models,2495.0
South West Khasi Hills,3.988039842292444,67,meghalaya,jordi_300m_20models,1702.0
West Garo Hills,4.677648056766603,2093,meghalaya,jordi_300m_20models,2210.0
West Jaintia Hills,4.881481488545735,12,meghalaya,jordi_300m_20models,1715.0
West Khasi Hills,6.072298049926758,32,meghalaya,jordi_300m_20models,1739.0
Aizawl,8.973870801698624,38855,mizoram,raw_300m,1208.0
Champhai,7.299747798529127,41336,mizoram,raw_300m,2447.0
Kolasib,7.920965163821964,18221,mizoram,raw_300m,1852.0
Lawngtlai,7.220677578931442,29741,mizoram,raw_300m,1750.0
Lunglei,8.38522732400722,55400,mizoram,raw_300m,1416.0
Mamit,8.159333488310308,37640,mizoram,raw_300m,1268.0
Saiha,7.865391571559931,18488,mizoram,raw_300m,1494.0
Serchhip,8.527161231574754,17571,mizoram,raw_300m,1655.0
Aizawl,4.589603271484375,25,mizoram,esri_300m,1208.0
Champhai,4.885980570091392,106,mizoram,esri_300m,2447.0
Kolasib,4.696170513446514,78,mizoram,esri_300m,1852.0
Lawngtlai,4.885602111816406,25,mizoram,esri_300m,1750.0
Lunglei,4.2896104700425095,17,mizoram,esri_300m,1416.0
Mamit,5.021752251519097,36,mizoram,esri_300m,1268.0
Saiha,5.809202648344494,42,mizoram,esri_300m,1494.0
Serchhip,5.01888095631319,34,mizoram,esri_300m,1655.0
Aizawl,4.449170112609863,16,mizoram,jordi_300m,1208.0
Champhai,4.381518681844075,12,mizoram,jordi_300m,2447.0
Kolasib,4.611489729447798,22,mizoram,jordi_300m,1852.0
Lawngtlai,4.7942914962768555,2,mizoram,jordi_300m,1750.0
Lunglei,7.406741142272949,2,mizoram,jordi_300m,1416.0
Mamit,5.440350850423177,18,mizoram,jordi_300m,1268.0
Saiha,5.637700822618273,9,mizoram,jordi_300m,1494.0
Serchhip,5.570891857147217,4,mizoram,jordi_300m,1655.0
Aizawl,4.503031412760417,3,mizoram,jordi_300m_20models,1208.0
Champhai,4.81279182434082,12,mizoram,jordi_300m_20models,2447.0
Kolasib,5.0948951721191404,20,mizoram,jordi_300m_20models,1852.0
Lawngtlai,0.0,0,mizoram,jordi_300m_20models,1750.0
Lunglei,7.018421173095703,1,mizoram,jordi_300m_20models,1416.0
Mamit,5.5068004608154295,5,mizoram,jordi_300m_20models,1268.0
Saiha,5.470685005187988,2,mizoram,jordi_300m_20models,1494.0
Serchhip,5.095862070719401,6,mizoram,jordi_300m_20models,1655.0
Alirajpur,3.981727708986026,40218,mp,raw_300m,1441.0
Anuppur,4.3275996119370355,45740,mp,raw_300m,1486.0
Ashoknagar,4.326542878031997,58130,mp,raw_300m,2167.0
Balaghat,5.5032564657689305,111317,mp,raw_300m,1837.0
Barwani,3.458651662044556,65266,mp,raw_300m,1144.0
Betul,4.293979060567479,120956,mp,raw_300m,1755.0
Bhind,2.5336640702274975,55605,mp,raw_300m,2578.0
Bhopal,3.7721302743712326,33677,mp,raw_300m,2185.0
Burhanpur,3.518681125022635,38657,mp,raw_300m,1192.0
Chhatarpur,3.986963220745853,106643,mp,raw_300m,1277.0
Chhindwara,4.479655511465393,142385,mp,raw_300m,1840.0
Damoh,4.2153361285618125,89140,mp,raw_300m,2273.0
Datia,3.819263431086806,33281,mp,raw_300m,1495.0
Dewas,3.7534963027940984,84929,mp,raw_300m,1292.0
Dindori,4.649733299580604,69624,mp,raw_300m,1398.0
East Nimar,3.1831870906037656,89919,mp,raw_300m,1168.0
Guna,4.2216126868532005,78270,mp,raw_300m,2143.0
Gwalior,3.6459934244171692,56706,mp,raw_300m,2548.0
Harda,4.429729006330685,40280,mp,raw_300m,2117.0
Hoshangabad,4.3150977238990595,80840,mp,raw_300m,2534.0
Indore,3.9610393087581977,47270,mp,raw_300m,1428.0
Jabalpur,3.9932311873585515,61860,mp,raw_300m,2227.0
Jhabua,3.707977547278349,41721,mp,raw_300m,1192.0
Katni,4.4423547676607065,61634,mp,raw_300m,2367.0
Mandla,4.525399527668289,90826,mp,raw_300m,1882.0
Mandsaur,3.2684014998159734,67925,mp,raw_300m,1198.0
Morena,3.3247632598619092,62133,mp,raw_300m,2433.0
Narshimapura,4.094260217398288,62259,mp,raw_300m,2306.0
Nimach,3.425807695781987,52584,mp,raw_300m,787.0
Nivari,4.133648767605634,16330,mp,raw_300m,1174.0
Panna,4.012779177535941,87019,mp,raw_300m,1964.0
Raisen,3.76184994221169,102962,mp,raw_300m,2197.0
Rajgarh,4.168581689551128,75233,mp,raw_300m,1398.0
Ratlam,3.7954625033851257,59082,mp,raw_300m,1277.0
Rewa,4.142460669983202,77390,mp,raw_300m,2275.0
Sagar,4.260735942228006,125251,mp,raw_300m,1704.0
Satna,4.234230468242277,92324,mp,raw_300m,2400.0
Sehore,4.0620974879481775,79656,mp,raw_300m,2518.0
Seoni,4.42019408174851,105690,mp,raw_300m,2024.0
Shahdol,4.142065397948866,69230,mp,raw_300m,1643.0
Shajapur,4.216270377208397,42112,mp,raw_300m,1180.0
Sheopur,4.070038561392792,81850,mp,raw_300m,2548.0
Shivpuri,4.1509985236220475,127000,mp,raw_300m,2146.0
Sidhi,4.6389716513808565,58442,mp,raw_300m,2161.0
Singrauli,3.8577173196358685,70524,mp,raw_300m,1882.0
Tikamgarh,4.396050025102594,45812,mp,raw_300m,1172.0
Umaria,4.633647992576388,55768,mp,raw_300m,1307.0
Vidisha,3.8096499455997486,89154,mp,raw_300m,1779.0
West Nimar,3.501887655541523,96598,mp,raw_300m,1114.0
Alirajpur,3.9795352872123013,20551,mp,esri_300m,1441.0
Anuppur,4.0725184260580125,21030,mp,esri_300m,1486.0
Ashoknagar,4.536238577867194,44486,mp,esri_300m,2167.0
Balaghat,5.2745180372381695,32225,mp,esri_300m,1837.0
Barwani,3.561322512462125,40924,mp,esri_300m,1144.0
Betul,4.269772553664295,64801,mp,esri_300m,1755.0
Bhind,2.4843864590402593,45679,mp,esri_300m,2578.0
Bhopal,4.038537091327228,24133,mp,esri_300m,2185.0
Burhanpur,3.4638767791742966,18021,mp,esri_300m,1192.0
Chhatarpur,3.8793490978769585,73715,mp,esri_300m,1277.0
Chhindwara,4.4538838849556335,74719,mp,esri_300m,1840.0
Damoh,4.2480807976973685,45600,mp,esri_300m,2273.0
Datia,3.892287705409729,27506,mp,esri_300m,1495.0
Dewas,3.6883621893935423,57267,mp,esri_300m,1292.0
Dindori,4.0047132681012085,35412,mp,esri_300m,1398.0
East Nimar,3.447442347777582,51093,mp,esri_300m,1168.0
Guna,4.3409567658689925,59172,mp,esri_300m,2143.0
Gwalior,3.6332386452900143,31826,mp,esri_300m,2548.0
Harda,4.656883161762031,27491,mp,esri_300m,2117.0
Hoshangabad,4.205023832247307,45579,mp,esri_300m,2534.0
Indore,4.216702060865711,33845,mp,esri_300m,1428.0
Jabalpur,3.995201589595376,43250,mp,esri_300m,2227.0
Jhabua,3.8068778754551955,30756,mp,esri_300m,1192.0
Katni,4.347248224382843,36255,mp,esri_300m,2367.0
Mandla,4.134685236998025,37975,mp,esri_300m,1882.0
Mandsaur,3.500516197118473,54485,mp,esri_300m,1198.0
Morena,3.54141476632001,39905,mp,esri_300m,2433.0
Narshimapura,3.9526334285649245,43928,mp,esri_300m,2306.0
Nimach,3.6710854446046413,28784,mp,esri_300m,787.0
Nivari,4.342684828321579,10492,mp,esri_300m,1174.0
Panna,3.451007074813537,39418,mp,esri_300m,1964.0
Raisen,3.6288231565644673,63699,mp,esri_300m,2197.0
Rajgarh,4.300552219243813,67523,mp,esri_300m,1398.0
Ratlam,3.9141677454589585,49438,mp,esri_300m,1277.0
Rewa,4.107900503213004,52910,mp,esri_300m,2275.0
Sagar,4.340335039045448,82468,mp,esri_300m,1704.0
Satna,4.092592675662098,55732,mp,esri_300m,2400.0
Sehore,4.180121520629169,60715,mp,esri_300m,2518.0
Seoni,4.236924240074441,58032,mp,esri_300m,2024.0
Shahdol,4.21367291980107,23928,mp,esri_300m,1643.0
Shajapur,4.2854243528014,39980,mp,esri_300m,1180.0
Sheopur,3.707462911727037,30451,mp,esri_300m,2548.0
Shivpuri,4.278650235450375,74538,mp,esri_300m,2146.0
Sidhi,4.408101971461504,25159,mp,esri_300m,2161.0
Singrauli,3.802561542531748,24805,mp,esri_300m,1882.0
Tikamgarh,4.649240192483212,30678,mp,esri_300m,1172.0
Umaria,4.227559441517112,19168,mp,esri_300m,1307.0
Vidisha,3.8331314120315425,75834,mp,esri_300m,1779.0
West Nimar,3.513066318054017,70422,mp,esri_300m,1114.0
Alirajpur,4.008878707885742,48,mp,jordi_300m,1441.0
Anuppur,4.06687536152784,13398,mp,jordi_300m,1486.0
Ashoknagar,3.494316263401762,47,mp,jordi_300m,2167.0
Balaghat,5.178227065773631,46508,mp,jordi_300m,1837.0
Barwani,0.0,0,mp,jordi_300m,1144.0
Betul,3.9710535718905215,1208,mp,jordi_300m,1755.0
Bhind,4.534493127147766,2910,mp,jordi_300m,2578.0
Bhopal,3.3108937139096466,230,mp,jordi_300m,2185.0
Burhanpur,2.4086809158325195,2,mp,jordi_300m,1192.0
Chhatarpur,3.483408541754055,447,mp,jordi_300m,1277.0
Chhindwara,4.322872228789747,228,mp,jordi_300m,1840.0
Damoh,4.112308969327435,3193,mp,jordi_300m,2273.0
Datia,4.4865675107995315,6829,mp,jordi_300m,1495.0
Dewas,2.403399912516276,30,mp,jordi_300m,1292.0
Dindori,4.292928752493351,470,mp,jordi_300m,1398.0
East Nimar,1.8855345754912405,66,mp,jordi_300m,1168.0
Guna,2.379655122756958,2,mp,jordi_300m,2143.0
Gwalior,4.904867788461538,6500,mp,jordi_300m,2548.0
Harda,2.9553771246047247,21,mp,jordi_300m,2117.0
Hoshangabad,4.429155435246101,4104,mp,jordi_300m,2534.0
Indore,3.5614601135253907,5,mp,jordi_300m,1428.0
Jabalpur,4.922744445185581,8433,mp,jordi_300m,2227.0
Jhabua,0.0,0,mp,jordi_300m,1192.0
Katni,4.5527137771483766,9577,mp,jordi_300m,2367.0
Mandla,4.557210399643602,5752,mp,jordi_300m,1882.0
Mandsaur,0.0,0,mp,jordi_300m,1198.0
Morena,4.158299930215142,459,mp,jordi_300m,2433.0
Narshimapura,4.164439195504218,652,mp,jordi_300m,2306.0
Nimach,0.0,0,mp,jordi_300m,787.0
Nivari,3.6241900634765627,25,mp,jordi_300m,1174.0
Panna,4.120101979117508,4238,mp,jordi_300m,1964.0
Raisen,4.306371070494317,5543,mp,jordi_300m,2197.0
Rajgarh,0.0,0,mp,jordi_300m,1398.0
Ratlam,0.0,0,mp,jordi_300m,1277.0
Rewa,4.515525683830881,21003,mp,jordi_300m,2275.0
Sagar,3.802796288359937,278,mp,jordi_300m,1704.0
Satna,4.699034905055918,17168,mp,jordi_300m,2400.0
Sehore,4.4513329732914375,1273,mp,jordi_300m,2518.0
Seoni,4.909319700252799,8307,mp,jordi_300m,2024.0
Shahdol,4.1531364349927715,22136,mp,jordi_300m,1643.0
Shajapur,0.0,0,mp,jordi_300m,1180.0
Sheopur,7.213013458251953,160,mp,jordi_300m,2548.0
Shivpuri,4.607837168670336,2589,mp,jordi_300m,2146.0
Sidhi,4.6302890646480614,7274,mp,jordi_300m,2161.0
Singrauli,4.012929390930044,7376,mp,jordi_300m,1882.0
Tikamgarh,3.773578643798828,12,mp,jordi_300m,1172.0
Umaria,4.539132618888145,7465,mp,jordi_300m,1307.0
Vidisha,3.6453122643998794,829,mp,jordi_300m,1779.0
West Nimar,3.6455135345458984,5,mp,jordi_300m,1114.0
Alirajpur,0.0,0,mp,jordi_300m_20models,1441.0
Anuppur,4.163129484632915,16236,mp,jordi_300m_20models,1486.0
Ashoknagar,4.233886330300318,1257,mp,jordi_300m_20models,2167.0
Balaghat,5.262941211902181,41505,mp,jordi_300m_20models,1837.0
Barwani,4.781189918518066,1,mp,jordi_300m_20models,1144.0
Betul,4.10400710523377,3358,mp,jordi_300m_20models,1755.0
Bhind,4.03492705066172,817,mp,jordi_300m_20models,2578.0
Bhopal,3.506624467145358,1928,mp,jordi_300m_20models,2185.0
Burhanpur,4.248417854309082,1,mp,jordi_300m_20models,1192.0
Chhatarpur,4.247118109044894,355,mp,jordi_300m_20models,1277.0
Chhindwara,4.12017562746063,2540,mp,jordi_300m_20models,1840.0
Damoh,4.278998971252804,7579,mp,jordi_300m_20models,2273.0
Datia,4.4824040510927,2082,mp,jordi_300m_20models,1495.0
Dewas,3.987038352272727,11,mp,jordi_300m_20models,1292.0
Dindori,4.212973418865051,7714,mp,jordi_300m_20models,1398.0
East Nimar,3.6001663208007812,13,mp,jordi_300m_20models,1168.0
Guna,4.1478954114412,456,mp,jordi_300m_20models,2143.0
Gwalior,4.849567557462216,2382,mp,jordi_300m_20models,2548.0
Harda,3.7922601034474925,43,mp,jordi_300m_20models,2117.0
Hoshangabad,4.411587518195051,17175,mp,jordi_300m_20models,2534.0
Indore,0.0,0,mp,jordi_300m_20models,1428.0
Jabalpur,4.816648376235936,14665,mp,jordi_300m_20models,2227.0
Jhabua,0.0,0,mp,jordi_300m_20models,1192.0
Katni,4.742410146310433,15720,mp,jordi_300m_20models,2367.0
Mandla,4.5456397787086145,12444,mp,jordi_300m_20models,1882.0
Mandsaur,4.3603034019470215,1,mp,jordi_300m_20models,1198.0
Morena,3.9469031816647377,81,mp,jordi_300m_20models,2433.0
Narshimapura,4.355120849609375,8320,mp,jordi_300m_20models,2306.0
Nimach,4.659402847290039,4,mp,jordi_300m_20models,787.0
Nivari,3.6912479400634766,4,mp,jordi_300m_20models,1174.0
Panna,4.126698627841364,6247,mp,jordi_300m_20models,1964.0
Raisen,4.096562421363865,19870,mp,jordi_300m_20models,2197.0
Rajgarh,2.717304229736328,14,mp,jordi_300m_20models,1398.0
Ratlam,3.8821139335632324,1,mp,jordi_300m_20models,1277.0
Rewa,4.5684654276475065,14457,mp,jordi_300m_20models,2275.0
Sagar,3.790543337988418,2137,mp,jordi_300m_20models,1704.0
Satna,4.615413155142717,20320,mp,jordi_300m_20models,2400.0
Sehore,4.262299214924511,3676,mp,jordi_300m_20models,2518.0
Seoni,4.752148129366689,13311,mp,jordi_300m_20models,2024.0
Shahdol,4.237055904340252,20667,mp,jordi_300m_20models,1643.0
Shajapur,0.0,0,mp,jordi_300m_20models,1180.0
Sheopur,5.093603596734842,301,mp,jordi_300m_20models,2548.0
Shivpuri,4.629588188559322,1180,mp,jordi_300m_20models,2146.0
Sidhi,4.798471533043414,6726,mp,jordi_300m_20models,2161.0
Singrauli,4.210573473646879,6873,mp,jordi_300m_20models,1882.0
Tikamgarh,4.755582046508789,20,mp,jordi_300m_20models,1172.0
Umaria,4.52765636065864,9884,mp,jordi_300m_20models,1307.0
Vidisha,3.5837827829214244,3328,mp,jordi_300m_20models,1779.0
West Nimar,0.0,0,mp,jordi_300m_20models,1114.0
Dimapur,5.853109974347266,9307,nagaland,raw_300m,2030.0
Kiphire,7.34790218957467,13707,nagaland,raw_300m,1675.0
Kohima,7.189770006700222,15298,nagaland,raw_300m,1677.0
Longleng,7.826502064085769,7252,nagaland,raw_300m,1675.0
Mokokchung,7.8772868737702435,19821,nagaland,raw_300m,1702.0
Mon,7.760691313432276,26682,nagaland,raw_300m,1683.0
Paren,7.272905709443665,21390,nagaland,raw_300m,1759.0
Phek,7.094434515626432,21822,nagaland,raw_300m,1677.0
Tuensang,8.556760614345448,24872,nagaland,raw_300m,1678.0
Wokha,7.251125896900921,19651,nagaland,raw_300m,1713.0
Zunheboto,7.95056681114469,18861,nagaland,raw_300m,1677.0
Dimapur,4.727172411933523,1666,nagaland,esri_300m,2030.0
Kiphire,0.0,0,nagaland,esri_300m,1675.0
Kohima,5.212204933166504,24,nagaland,esri_300m,1677.0
Longleng,5.100377082824707,12,nagaland,esri_300m,1675.0
Mokokchung,4.809099786931818,110,nagaland,esri_300m,1702.0
Mon,4.649396235399907,101,nagaland,esri_300m,1683.0
Paren,5.322340318373033,572,nagaland,esri_300m,1759.0
Phek,5.2183224360148115,3,nagaland,esri_300m,1677.0
Tuensang,5.592782338460286,9,nagaland,esri_300m,1678.0
Wokha,4.881465031550481,130,nagaland,esri_300m,1713.0
Zunheboto,4.7555012702941895,1,nagaland,esri_300m,1677.0
Dimapur,4.675778275266536,1149,nagaland,jordi_300m,2030.0
Kiphire,0.0,0,nagaland,jordi_300m,1675.0
Kohima,4.801566123962402,6,nagaland,jordi_300m,1677.0
Longleng,3.7120954990386963,1,nagaland,jordi_300m,1675.0
Mokokchung,4.809227837456597,45,nagaland,jordi_300m,1702.0
Mon,4.9567560995778726,31,nagaland,jordi_300m,1683.0
Paren,5.371991302588997,309,nagaland,jordi_300m,1759.0
Phek,4.454837799072266,4,nagaland,jordi_300m,1677.0
Tuensang,0.0,0,nagaland,jordi_300m,1678.0
Wokha,4.589876841349774,83,nagaland,jordi_300m,1713.0
Zunheboto,0.0,0,nagaland,jordi_300m,1677.0
Dimapur,4.6788064597424555,961,nagaland,jordi_300m_20models,2030.0
Kiphire,0.0,0,nagaland,jordi_300m_20models,1675.0
Kohima,4.892793655395508,5,nagaland,jordi_300m_20models,1677.0
Longleng,0.0,0,nagaland,jordi_300m_20models,1675.0
Mokokchung,4.846900092230903,27,nagaland,jordi_300m_20models,1702.0
Mon,4.669525146484375,25,nagaland,jordi_300m_20models,1683.0
Paren,5.318843482905983,234,nagaland,jordi_300m_20models,1759.0
Phek,4.523255825042725,1,nagaland,jordi_300m_20models,1677.0
Tuensang,0.0,0,nagaland,jordi_300m_20models,1678.0
Wokha,4.715638010125411,76,nagaland,jordi_300m_20models,1713.0
Zunheboto,0.0,0,nagaland,jordi_300m_20models,1677.0
Anugul,4.848964346628182,76220,odisha,raw_300m,2332.0
Balasore (Baleshwar),4.677230411932136,44619,odisha,raw_300m,1971.0
Baragarh,5.371599289665128,69967,odisha,raw_300m,2314.0
Baudh (Bauda),5.287678687130477,37041,odisha,raw_300m,2312.0
Bhadrak,4.40538420319589,29976,odisha,raw_300m,1856.0
Bolangir (Balangir),4.937154587778731,78077,odisha,raw_300m,1815.0
Cuttack,4.43365870114042,45948,odisha,raw_300m,2171.0
Deogarh,4.893511634626226,35476,odisha,raw_300m,2085.0
Dhenkanal,4.760674109825721,53248,odisha,raw_300m,2488.0
Gajapati,5.982774034624593,48867,odisha,raw_300m,1461.0
Ganjam,5.202338224361035,99536,odisha,raw_300m,1793.0
Jagatsinghpur,3.93143687254474,20619,odisha,raw_300m,2082.0
Jajapur,4.465099670112321,34633,odisha,raw_300m,1597.0
Jharsuguda,3.884310538566498,24918,odisha,raw_300m,2125.0
Kalahandi,5.261891339346639,93792,odisha,raw_300m,2119.0
Kandhamal,5.986955957598507,95374,odisha,raw_300m,1386.0
Kendraparha,4.0188045840231785,30200,odisha,raw_300m,1719.0
Keonjhar (Kendujhar),4.802652674628663,99640,odisha,raw_300m,2297.0
Khordha,4.597052564065188,34301,odisha,raw_300m,1682.0
Koraput,4.901924854061042,99014,odisha,raw_300m,2272.0
Malkangiri,4.880711753251525,68045,odisha,raw_300m,1658.0
Mayurbhanj,5.265607781131714,125226,odisha,raw_300m,1791.0
Nabarangapur,5.330183643789838,64636,odisha,raw_300m,2040.0
Nayagarh,5.314341208566068,46369,odisha,raw_300m,1696.0
Nuaparha,5.046503032962002,45871,odisha,raw_300m,1609.0
Puri,3.141924430660652,41232,odisha,raw_300m,2085.0
Rayagarha,5.462671134376438,86920,odisha,raw_300m,2146.0
Sambalpur,5.341902201845213,79774,odisha,raw_300m,2295.0
Subarnapur,5.009652932738285,28233,odisha,raw_300m,2489.0
Sundargarh,4.662560914203784,117173,odisha,raw_300m,1508.0
Anugul,4.442981927464697,15296,odisha,esri_300m,2332.0
Balasore (Baleshwar),4.782520967119346,28497,odisha,esri_300m,1971.0
Baragarh,5.773547509115703,33733,odisha,esri_300m,2314.0
Baudh (Bauda),4.863454126780944,11230,odisha,esri_300m,2312.0
Bhadrak,4.763836747536999,23041,odisha,esri_300m,1856.0
Bolangir (Balangir),4.749212840012876,37278,odisha,esri_300m,1815.0
Cuttack,4.549997006438247,22444,odisha,esri_300m,2171.0
Deogarh,4.58992561061098,6776,odisha,esri_300m,2085.0
Dhenkanal,4.557310375794418,18095,odisha,esri_300m,2488.0
Gajapati,5.492244555886051,5169,odisha,esri_300m,1461.0
Ganjam,4.935701143607562,36551,odisha,esri_300m,1793.0
Jagatsinghpur,4.38412809468757,13299,odisha,esri_300m,2082.0
Jajapur,4.513281352701459,22821,odisha,esri_300m,1597.0
Jharsuguda,4.641251416895359,8381,odisha,esri_300m,2125.0
Kalahandi,4.914352828022007,38534,odisha,esri_300m,2119.0
Kandhamal,4.571958171351675,6270,odisha,esri_300m,1386.0
Kendraparha,4.262717116601502,19438,odisha,esri_300m,1719.0
Keonjhar (Kendujhar),4.677262725975262,31530,odisha,esri_300m,2297.0
Khordha,4.5141620837578,15706,odisha,esri_300m,1682.0
Koraput,4.669183494211374,33514,odisha,esri_300m,2272.0
Malkangiri,4.546588706411048,12962,odisha,esri_300m,1658.0
Mayurbhanj,4.711725324967342,46697,odisha,esri_300m,1791.0
Nabarangapur,5.201623174680569,39993,odisha,esri_300m,2040.0
Nayagarh,4.746466640966793,13943,odisha,esri_300m,1696.0
Nuaparha,4.669111636337788,14068,odisha,esri_300m,1609.0
Puri,4.1827939133892755,21689,odisha,esri_300m,2085.0
Rayagarha,4.850566440455341,14275,odisha,esri_300m,2146.0
Sambalpur,5.320098564830089,18186,odisha,esri_300m,2295.0
Subarnapur,5.288184171597633,16224,odisha,esri_300m,2489.0
Sundargarh,4.2642665758401455,27525,odisha,esri_300m,1508.0
Anugul,4.238958995096527,32426,odisha,jordi_300m,2332.0
Balasore (Baleshwar),4.581944031347702,36143,odisha,jordi_300m,1971.0
Baragarh,5.471440947155646,51945,odisha,jordi_300m,2314.0
Baudh (Bauda),4.693460240610329,17466,odisha,jordi_300m,2312.0
Bhadrak,4.572440294715447,27306,odisha,jordi_300m,1856.0
Bolangir (Balangir),4.693807595847266,51436,odisha,jordi_300m,1815.0
Cuttack,4.384155425900153,28023,odisha,jordi_300m,2171.0
Deogarh,4.488302399317659,13483,odisha,jordi_300m,2085.0
Dhenkanal,4.394569350555288,31065,odisha,jordi_300m,2488.0
Gajapati,5.37773180138197,6223,odisha,jordi_300m,1461.0
Ganjam,4.886302873622947,48110,odisha,jordi_300m,1793.0
Jagatsinghpur,4.148537525577317,17105,odisha,jordi_300m,2082.0
Jajapur,4.405584526846007,27248,odisha,jordi_300m,1597.0
Jharsuguda,4.359682841804631,16369,odisha,jordi_300m,2125.0
Kalahandi,4.846406621288503,45029,odisha,jordi_300m,2119.0
Kandhamal,4.699858619344774,9615,odisha,jordi_300m,1386.0
Kendraparha,4.1402546380136025,24849,odisha,jordi_300m,1719.0
Keonjhar (Kendujhar),4.565590017404009,46541,odisha,jordi_300m,2297.0
Khordha,4.421243894569013,19757,odisha,jordi_300m,1682.0
Koraput,4.917196363452188,19744,odisha,jordi_300m,2272.0
Malkangiri,4.463420494295239,21298,odisha,jordi_300m,1658.0
Mayurbhanj,4.697915132615643,67903,odisha,jordi_300m,1791.0
Nabarangapur,5.207896814582064,31189,odisha,jordi_300m,2040.0
Nayagarh,4.688280323668907,17711,odisha,jordi_300m,1696.0
Nuaparha,4.63492321487895,24081,odisha,jordi_300m,1609.0
Puri,4.046830060584131,26946,odisha,jordi_300m,2085.0
Rayagarha,4.817122849696617,15492,odisha,jordi_300m,2146.0
Sambalpur,5.024634871826305,36708,odisha,jordi_300m,2295.0
Subarnapur,4.998391015980745,23059,odisha,jordi_300m,2489.0
Sundargarh,4.248589388950572,52238,odisha,jordi_300m,1508.0
Anugul,4.379005383629823,20293,odisha,jordi_300m_20models,2332.0
Balasore (Baleshwar),4.716187104645626,29404,odisha,jordi_300m_20models,1971.0
Baragarh,5.541337895307386,47969,odisha,jordi_300m_20models,2314.0
Baudh (Bauda),4.787698234781717,14637,odisha,jordi_300m_20models,2312.0
Bhadrak,4.696330484501798,23906,odisha,jordi_300m_20models,1856.0
Bolangir (Balangir),4.712807970812211,44779,odisha,jordi_300m_20models,1815.0
Cuttack,4.535485836455732,21618,odisha,jordi_300m_20models,2171.0
Deogarh,4.672303985022227,9898,odisha,jordi_300m_20models,2085.0
Dhenkanal,4.522620516226988,21076,odisha,jordi_300m_20models,2488.0
Gajapati,5.4653797811514195,6340,odisha,jordi_300m_20models,1461.0
Ganjam,4.984079316972206,40584,odisha,jordi_300m_20models,1793.0
Jagatsinghpur,4.278701908035188,13584,odisha,jordi_300m_20models,2082.0
Jajapur,4.5064670255531665,22326,odisha,jordi_300m_20models,1597.0
Jharsuguda,4.502478363493313,12710,odisha,jordi_300m_20models,2125.0
Kalahandi,4.893399409531843,42678,odisha,jordi_300m_20models,2119.0
Kandhamal,4.704001610706415,8168,odisha,jordi_300m_20models,1386.0
Kendraparha,4.220817992909315,21084,odisha,jordi_300m_20models,1719.0
Keonjhar (Kendujhar),4.625412595930526,39612,odisha,jordi_300m_20models,2297.0
Khordha,4.467981198215424,15690,odisha,jordi_300m_20models,1682.0
Koraput,4.747223513011153,28245,odisha,jordi_300m_20models,2272.0
Malkangiri,4.508581134370655,18702,odisha,jordi_300m_20models,1658.0
Mayurbhanj,4.747019042150503,50723,odisha,jordi_300m_20models,1791.0
Nabarangapur,5.2988834355066885,40291,odisha,jordi_300m_20models,2040.0
Nayagarh,4.770731347816765,13993,odisha,jordi_300m_20models,1696.0
Nuaparha,4.664464412692197,24259,odisha,jordi_300m_20models,1609.0
Puri,4.158102316730002,20789,odisha,jordi_300m_20models,2085.0
Rayagarha,4.861611673489748,14534,odisha,jordi_300m_20models,2146.0
Sambalpur,5.131086415983249,28655,odisha,jordi_300m_20models,2295.0
Subarnapur,5.112675735947293,20263,odisha,jordi_300m_20models,2489.0
Sundargarh,4.318584342277487,42784,odisha,jordi_300m_20models,1508.0
Karaikal,2.7101609106201443,1802,puducherry,raw_300m,2465.0
Puducherry,3.109830919251825,3425,puducherry,raw_300m,3309.0
Yanam,2.4520499489524146,440,puducherry,raw_300m,2627.0
Karaikal,2.635415473189734,1091,puducherry,esri_300m,2465.0
Puducherry,3.558538804198086,1724,puducherry,esri_300m,3309.0
Yanam,3.382322217597336,183,puducherry,esri_300m,2627.0
Karaikal,2.5647979164448467,587,puducherry,jordi_300m,2465.0
Puducherry,3.577144829510468,406,puducherry,jordi_300m,3309.0
Yanam,2.366893489186357,41,puducherry,jordi_300m,2627.0
Karaikal,2.6317903037383177,321,puducherry,jordi_300m_20models,2465.0
Puducherry,3.671990895549611,257,puducherry,jordi_300m_20models,3309.0
Yanam,3.0596735000610353,5,puducherry,jordi_300m_20models,2627.0
Amritsar,4.853383972471557,34982,punjab,raw_300m,3197.0
Barnala,5.585646213788793,18399,punjab,raw_300m,5327.0
Bathinda,4.720555976662991,43536,punjab,raw_300m,4745.0
Faridkot,5.063610353728742,18934,punjab,raw_300m,4618.0
Fatehgarh Sahib,5.464390509725017,14910,punjab,raw_300m,4784.0
Fazilka,4.028720214283809,37497,punjab,raw_300m,3271.0
Firozpur,4.985097543352601,30794,punjab,raw_300m,4553.0
Gurdaspur,5.21969191637835,34106,punjab,raw_300m,4013.0
Hoshiarpur,4.735212872544593,44290,punjab,raw_300m,4003.0
Jalandhar,5.177405390575033,34398,punjab,raw_300m,4491.0
Kapurthala,5.072639690158387,21277,punjab,raw_300m,4634.0
Ludhiana,5.190619060176289,47876,punjab,raw_300m,5076.0
Mansa,4.637741862142499,27902,punjab,raw_300m,4608.0
Moga,5.5480227801738895,29214,punjab,raw_300m,5163.0
Pathankot,4.680569586403613,12621,punjab,raw_300m,3952.0
Patiala,5.040312594911572,42803,punjab,raw_300m,4514.0
Rupnagar,4.562954550217975,17892,punjab,raw_300m,4143.0
Sangrur,5.511248845996951,46577,punjab,raw_300m,5177.0
Sas Nagar (Sahibzada Ajit Singh Nagar),3.541607155452109,14178,punjab,raw_300m,4030.0
Shahid Bhagat Singh Nagar,5.08728266406155,16442,punjab,raw_300m,4622.0
Sri Muktsar Sahib,4.794642988037295,34106,punjab,raw_300m,4075.0
Tarn Taran,5.079661104407468,31492,punjab,raw_300m,4247.0
Amritsar,5.138434875322723,30599,punjab,esri_300m,3197.0
Barnala,5.831534561564404,16901,punjab,esri_300m,5327.0
Bathinda,4.99118567074739,38882,punjab,esri_300m,4745.0
Faridkot,5.290398207519673,17155,punjab,esri_300m,4618.0
Fatehgarh Sahib,5.700701694394819,13434,punjab,esri_300m,4784.0
Fazilka,4.131997585174888,35251,punjab,esri_300m,3271.0
Firozpur,5.176084538499946,28039,punjab,esri_300m,4553.0
Gurdaspur,5.4237517259584145,30780,punjab,esri_300m,4013.0
Hoshiarpur,4.443864958631374,30337,punjab,esri_300m,4003.0
Jalandhar,5.53867937995432,29772,punjab,esri_300m,4491.0
Kapurthala,5.297431833114323,19025,punjab,esri_300m,4634.0
Ludhiana,5.697084864162355,40011,punjab,esri_300m,5076.0
Mansa,4.8082904425938775,25938,punjab,esri_300m,4608.0
Moga,5.795906846686634,26710,punjab,esri_300m,5163.0
Pathankot,4.638669312217524,6859,punjab,esri_300m,3952.0
Patiala,5.302252139776696,37796,punjab,esri_300m,4514.0
Rupnagar,4.652533301617507,11561,punjab,esri_300m,4143.0
Sangrur,5.7342060180868915,42904,punjab,esri_300m,5177.0
Sas Nagar (Sahibzada Ajit Singh Nagar),3.7683728507850507,9044,punjab,esri_300m,4030.0
Shahid Bhagat Singh Nagar,5.354070385157798,13118,punjab,esri_300m,4622.0
Sri Muktsar Sahib,4.948387052578837,31933,punjab,esri_300m,4075.0
Tarn Taran,5.25538226089349,29077,punjab,esri_300m,4247.0
Amritsar,5.132988082196328,30123,punjab,jordi_300m,3197.0
Barnala,5.802737346401404,17090,punjab,jordi_300m,5327.0
Bathinda,5.135902388644291,34978,punjab,jordi_300m,4745.0
Faridkot,5.291444482748504,17042,punjab,jordi_300m,4618.0
Fatehgarh Sahib,5.718212980327618,13064,punjab,jordi_300m,4784.0
Fazilka,4.746968314044621,19139,punjab,jordi_300m,3271.0
Firozpur,5.179791651893349,28204,punjab,jordi_300m,4553.0
Gurdaspur,5.498807788238601,28466,punjab,jordi_300m,4013.0
Hoshiarpur,4.841465273008242,14560,punjab,jordi_300m,4003.0
Jalandhar,5.55322663913268,29055,punjab,jordi_300m,4491.0
Kapurthala,5.342805178256925,18737,punjab,jordi_300m,4634.0
Ludhiana,5.726439780060159,38897,punjab,jordi_300m,5076.0
Mansa,4.915770192184565,23428,punjab,jordi_300m,4608.0
Moga,5.749434901582045,27180,punjab,jordi_300m,5163.0
Pathankot,4.858014628459687,4155,punjab,jordi_300m,3952.0
Patiala,5.386517854567481,34669,punjab,jordi_300m,4514.0
Rupnagar,4.944137754553627,6396,punjab,jordi_300m,4143.0
Sangrur,5.732730727805636,42477,punjab,jordi_300m,5177.0
Sas Nagar (Sahibzada Ajit Singh Nagar),4.210985410087397,3404,punjab,jordi_300m,4030.0
Shahid Bhagat Singh Nagar,5.579804833255597,10720,punjab,jordi_300m,4622.0
Sri Muktsar Sahib,5.039082369697176,29489,punjab,jordi_300m,4075.0
Tarn Taran,5.2641316863812415,28659,punjab,jordi_300m,4247.0
Amritsar,5.209459263909667,28074,punjab,jordi_300m_20models,3197.0
Barnala,5.847767347122843,16631,punjab,jordi_300m_20models,5327.0
Bathinda,5.1889191763153155,33338,punjab,jordi_300m_20models,4745.0
Faridkot,5.322635020123465,16523,punjab,jordi_300m_20models,4618.0
Fatehgarh Sahib,5.778493682600998,12426,punjab,jordi_300m_20models,4784.0
Fazilka,4.863126144295686,17478,punjab,jordi_300m_20models,3271.0
Firozpur,5.348237493811174,26257,punjab,jordi_300m_20models,4553.0
Gurdaspur,5.5682137278238555,26887,punjab,jordi_300m_20models,4013.0
Hoshiarpur,5.089890595554223,11674,punjab,jordi_300m_20models,4003.0
Jalandhar,5.719185147594476,26356,punjab,jordi_300m_20models,4491.0
Kapurthala,5.60804548066018,16753,punjab,jordi_300m_20models,4634.0
Ludhiana,5.841936086583441,36127,punjab,jordi_300m_20models,5076.0
Mansa,4.985949565637066,22015,punjab,jordi_300m_20models,4608.0
Moga,5.812292838012384,26323,punjab,jordi_300m_20models,5163.0
Pathankot,4.951145618998628,3645,punjab,jordi_300m_20models,3952.0
Patiala,5.492967666784897,31013,punjab,jordi_300m_20models,4514.0
Rupnagar,4.9613552004962385,6247,punjab,jordi_300m_20models,4143.0
Sangrur,5.785849294354839,40672,punjab,jordi_300m_20models,5177.0
Sas Nagar (Sahibzada Ajit Singh Nagar),4.236052370509607,3591,punjab,jordi_300m_20models,4030.0
Shahid Bhagat Singh Nagar,5.684433803763441,9486,punjab,jordi_300m_20models,4622.0
Sri Muktsar Sahib,5.08236700385868,28248,punjab,jordi_300m_20models,4075.0
Tarn Taran,5.3871262561657955,27166,punjab,jordi_300m_20models,4247.0
Ajmer,3.10787047798408,105401,rajasthan,raw_300m,2786.0
Alwar,3.456700068739926,105470,rajasthan,raw_300m,2786.0
Banswara,4.01229821812484,54886,rajasthan,raw_300m,1019.0
Baran,4.0881677124084375,86143,rajasthan,raw_300m,2810.0
Bharatpur,3.1019361177619555,63484,rajasthan,raw_300m,2786.0
Bhilwara,3.216320489084317,129630,rajasthan,raw_300m,1449.0
Bundi,3.571961976999902,71391,rajasthan,raw_300m,3143.0
Chittaurgarh,3.6580621878901374,96120,rajasthan,raw_300m,1449.0
Dhaulpur,3.1531913559053453,37864,rajasthan,raw_300m,2786.0
Dungarpur,3.680479082376229,45972,rajasthan,raw_300m,888.0
Ganganagar,2.268793593848265,139928,rajasthan,raw_300m,3216.0
Hanumangarh,2.7731406777544096,124101,rajasthan,raw_300m,3722.0
Jhalawar,3.9454329397760906,77710,rajasthan,raw_300m,2185.0
Karauli,3.202947482902432,62582,rajasthan,raw_300m,1815.0
Kota,3.9749428855078706,62703,rajasthan,raw_300m,2980.0
Nagaur,2.6371908378641256,223103,rajasthan,raw_300m,2786.0
Pratapgarh,4.133530240412083,54261,rajasthan,raw_300m,2786.0
Raj Samand,3.261558896985496,57157,rajasthan,raw_300m,2786.0
Sawai Madhopur,2.807973513932879,62514,rajasthan,raw_300m,2621.0
Tonk,2.4377139836666704,89449,rajasthan,raw_300m,2786.0
Udaipur,3.8739034629319957,143520,rajasthan,raw_300m,782.0
Ajmer,3.2392264059605993,77207,rajasthan,esri_300m,2786.0
Alwar,3.36772792990524,71760,rajasthan,esri_300m,2786.0
Banswara,4.19701766006682,36516,rajasthan,esri_300m,1019.0
Baran,4.500678426770159,59006,rajasthan,esri_300m,2810.0
Bharatpur,3.159433977905787,52774,rajasthan,esri_300m,2786.0
Bhilwara,3.453551193126677,87585,rajasthan,esri_300m,1449.0
Bundi,3.910822260578823,46059,rajasthan,esri_300m,3143.0
Chittaurgarh,3.9424393918279788,59202,rajasthan,esri_300m,1449.0
Dhaulpur,3.3398607329498047,22771,rajasthan,esri_300m,2786.0
Dungarpur,3.84247491638796,23920,rajasthan,esri_300m,888.0
Ganganagar,2.673957134637514,99935,rajasthan,esri_300m,3216.0
Hanumangarh,3.3619955528513197,75807,rajasthan,esri_300m,3722.0
Jhalawar,4.233730150305706,58880,rajasthan,esri_300m,2185.0
Karauli,3.3766547194416456,30769,rajasthan,esri_300m,1815.0
Kota,4.468604782060519,41640,rajasthan,esri_300m,2980.0
Nagaur,2.8833499745145548,143219,rajasthan,esri_300m,2786.0
Pratapgarh,4.14727797267356,33850,rajasthan,esri_300m,2786.0
Raj Samand,3.317628931116175,13824,rajasthan,esri_300m,2786.0
Sawai Madhopur,2.638817340767865,45060,rajasthan,esri_300m,2621.0
Tonk,2.4776004874488438,76726,rajasthan,esri_300m,2786.0
Udaipur,3.7276216533886135,36903,rajasthan,esri_300m,782.0
Ajmer,2.084848403930664,1,rajasthan,jordi_300m,2786.0
Alwar,0.0,0,rajasthan,jordi_300m,2786.0
Banswara,4.159727957589285,175,rajasthan,jordi_300m,1019.0
Baran,4.3042348225911455,3,rajasthan,jordi_300m,2810.0
Bharatpur,3.6476919991629466,154,rajasthan,jordi_300m,2786.0
Bhilwara,3.061124801635742,1,rajasthan,jordi_300m,1449.0
Bundi,5.129690125931141,43,rajasthan,jordi_300m,3143.0
Chittaurgarh,3.8347396850585938,4,rajasthan,jordi_300m,1449.0
Dhaulpur,3.7354676723480225,2,rajasthan,jordi_300m,2786.0
Dungarpur,3.527178628104074,14,rajasthan,jordi_300m,888.0
Ganganagar,4.320387065116995,406,rajasthan,jordi_300m,3216.0
Hanumangarh,4.680020238748628,4555,rajasthan,jordi_300m,3722.0
Jhalawar,4.7631447531960225,11,rajasthan,jordi_300m,2185.0
Karauli,0.0,0,rajasthan,jordi_300m,1815.0
Kota,5.118483770461309,21,rajasthan,jordi_300m,2980.0
Nagaur,0.0,0,rajasthan,jordi_300m,2786.0
Pratapgarh,3.53565247853597,6,rajasthan,jordi_300m,2786.0
Raj Samand,1.1468530893325806,1,rajasthan,jordi_300m,2786.0
Sawai Madhopur,1.3542418479919434,3,rajasthan,jordi_300m,2621.0
Tonk,1.5518117904663087,5,rajasthan,jordi_300m,2786.0
Udaipur,3.056597196138822,13,rajasthan,jordi_300m,782.0
Ajmer,3.9892115542763156,95,rajasthan,jordi_300m_20models,2786.0
Alwar,0.0,0,rajasthan,jordi_300m_20models,2786.0
Banswara,5.884830474853516,2,rajasthan,jordi_300m_20models,1019.0
Baran,4.745740348910108,324,rajasthan,jordi_300m_20models,2810.0
Bharatpur,4.003154754638672,1,rajasthan,jordi_300m_20models,2786.0
Bhilwara,4.035170991541976,118,rajasthan,jordi_300m_20models,1449.0
Bundi,4.567594146728515,40,rajasthan,jordi_300m_20models,3143.0
Chittaurgarh,3.5614817444707305,71,rajasthan,jordi_300m_20models,1449.0
Dhaulpur,2.5340349674224854,4,rajasthan,jordi_300m_20models,2786.0
Dungarpur,0.0,0,rajasthan,jordi_300m_20models,888.0
Ganganagar,4.428908424815912,87,rajasthan,jordi_300m_20models,3216.0
Hanumangarh,4.72616871460356,3090,rajasthan,jordi_300m_20models,3722.0
Jhalawar,4.872498492805326,49,rajasthan,jordi_300m_20models,2185.0
Karauli,0.0,0,rajasthan,jordi_300m_20models,1815.0
Kota,5.335597304047131,61,rajasthan,jordi_300m_20models,2980.0
Nagaur,0.0,0,rajasthan,jordi_300m_20models,2786.0
Pratapgarh,0.0,0,rajasthan,jordi_300m_20models,2786.0
Raj Samand,4.126053810119629,4,rajasthan,jordi_300m_20models,2786.0
Sawai Madhopur,0.0,0,rajasthan,jordi_300m_20models,2621.0
Tonk,3.31053335016424,11,rajasthan,jordi_300m_20models,2786.0
Udaipur,0.0,0,rajasthan,jordi_300m_20models,782.0
Ariyalur,3.2270591563435884,22038,tamil_nadu,raw_300m,2513.0
Chengalpattu,3.273534943327562,31188,tamil_nadu,raw_300m,3582.0
Chennai,1.812322350632004,3837,tamil_nadu,raw_300m,3261.0
Coimbatore,3.6812765224836212,53728,tamil_nadu,raw_300m,3074.0
Cuddalore,3.2927010618788453,42260,tamil_nadu,raw_300m,3287.0
Dharmapuri,4.2140572087501456,51382,tamil_nadu,raw_300m,3074.0
Dindigul,4.127634151837636,68784,tamil_nadu,raw_300m,3074.0
Erode,3.666119253637861,58276,tamil_nadu,raw_300m,3074.0
Kallakkurichi,3.996243207533125,40302,tamil_nadu,raw_300m,3088.0
Kanchipuram,3.3238244159170414,20010,tamil_nadu,raw_300m,3261.0
Kanyakumari,5.160995053222321,18977,tamil_nadu,raw_300m,3486.0
Karur,2.873190714826021,33050,tamil_nadu,raw_300m,3074.0
Krishnagiri,3.8972796544566752,58777,tamil_nadu,raw_300m,3655.0
Madurai,3.421051537328328,42086,tamil_nadu,raw_300m,3074.0
Nagapattinam,2.857559801696077,29185,tamil_nadu,raw_300m,2129.0
Namakkal,3.7991844864067708,38990,tamil_nadu,raw_300m,3074.0
Perambalur,3.5361441786552774,20019,tamil_nadu,raw_300m,3074.0
Pudukkottai,3.0289110821086083,52869,tamil_nadu,raw_300m,3751.0
Ranippettai,3.805244168237512,21220,tamil_nadu,raw_300m,3590.0
Salem,4.270272389148191,68560,tamil_nadu,raw_300m,3074.0
Sivaganga,2.9391327290948364,48146,tamil_nadu,raw_300m,3074.0
Teni,4.2971633832877805,32563,tamil_nadu,raw_300m,3750.0
Tenkasi,2.7626682488374286,31826,tamil_nadu,raw_300m,2946.0
Thanjavur,3.59486058086502,39028,tamil_nadu,raw_300m,3220.0
Thiruvarur,3.2187530309202357,25776,tamil_nadu,raw_300m,2409.0
Tiruchirapalli,3.6055074620301415,51159,tamil_nadu,raw_300m,3118.0
Tirunelveli,2.8761952589543913,43917,tamil_nadu,raw_300m,3280.0
Tiruppattur,4.730656449783461,24245,tamil_nadu,raw_300m,3074.0
Tiruppur,2.6613369758200878,59140,tamil_nadu,raw_300m,3074.0
Tiruvallur,3.3770199876004097,37098,tamil_nadu,raw_300m,3376.0
Tiruvannamalai,4.204350529156599,70773,tamil_nadu,raw_300m,3495.0
Tuticorin,1.7617510848185987,53638,tamil_nadu,raw_300m,3074.0
Vellore,4.513746535247393,24172,tamil_nadu,raw_300m,3074.0
Villupuram,3.3894708573375087,41833,tamil_nadu,raw_300m,3302.0
Virudhunagar,2.476542820339336,48035,tamil_nadu,raw_300m,3074.0
Ariyalur,3.2638538333614013,14845,tamil_nadu,esri_300m,2513.0
Chengalpattu,3.531750093306319,16411,tamil_nadu,esri_300m,3582.0
Chennai,2.96693844265408,108,tamil_nadu,esri_300m,3261.0
Coimbatore,2.956535116797382,17723,tamil_nadu,esri_300m,3074.0
Cuddalore,3.35903687540725,29159,tamil_nadu,esri_300m,3287.0
Dharmapuri,3.559267664996855,22258,tamil_nadu,esri_300m,3074.0
Dindigul,3.1281075175453736,34767,tamil_nadu,esri_300m,3074.0
Erode,3.428931338725794,29022,tamil_nadu,esri_300m,3074.0
Kallakkurichi,3.7815649389589003,27932,tamil_nadu,esri_300m,3088.0
Kanchipuram,3.6968356753355707,10430,tamil_nadu,esri_300m,3261.0
Kanyakumari,4.409369523081036,2104,tamil_nadu,esri_300m,3486.0
Karur,2.902021918725084,25586,tamil_nadu,esri_300m,3074.0
Krishnagiri,3.6232773222239,26494,tamil_nadu,esri_300m,3655.0
Madurai,3.2535387703739214,26075,tamil_nadu,esri_300m,3074.0
Nagapattinam,3.2188429315357125,18747,tamil_nadu,esri_300m,2129.0
Namakkal,3.401489649233036,23078,tamil_nadu,esri_300m,3074.0
Perambalur,3.55552193079301,15851,tamil_nadu,esri_300m,3074.0
Pudukkottai,2.9554310181680545,33025,tamil_nadu,esri_300m,3751.0
Ranippettai,3.9312350742876974,15127,tamil_nadu,esri_300m,3590.0
Salem,3.725278958046241,26124,tamil_nadu,esri_300m,3074.0
Sivaganga,2.7888491509922027,27061,tamil_nadu,esri_300m,3074.0
Teni,3.619953000750568,12324,tamil_nadu,esri_300m,3750.0
Tenkasi,2.2844839064778526,21944,tamil_nadu,esri_300m,2946.0
Thanjavur,3.6952577638456408,26976,tamil_nadu,esri_300m,3220.0
Thiruvarur,3.408323873424887,20316,tamil_nadu,esri_300m,2409.0
Tiruchirapalli,3.4390382492518485,34084,tamil_nadu,esri_300m,3118.0
Tirunelveli,2.128187803135805,20824,tamil_nadu,esri_300m,3280.0
Tiruppattur,3.900976985483216,7388,tamil_nadu,esri_300m,3074.0
Tiruppur,2.5216992394051947,38769,tamil_nadu,esri_300m,3074.0
Tiruvallur,3.5553879724343274,20823,tamil_nadu,esri_300m,3376.0
Tiruvannamalai,3.9037496013183075,47030,tamil_nadu,esri_300m,3495.0
Tuticorin,1.7547868662091282,38321,tamil_nadu,esri_300m,3074.0
Vellore,4.1047330458628695,8182,tamil_nadu,esri_300m,3074.0
Villupuram,3.4179530555640105,32854,tamil_nadu,esri_300m,3302.0
Virudhunagar,2.287956709821984,32132,tamil_nadu,esri_300m,3074.0
Ariyalur,3.0764541648343595,3411,tamil_nadu,jordi_300m,2513.0
Chengalpattu,3.507585271003808,12343,tamil_nadu,jordi_300m,3582.0
Chennai,2.934969663619995,64,tamil_nadu,jordi_300m,3261.0
Coimbatore,3.881156005859375,50,tamil_nadu,jordi_300m,3074.0
Cuddalore,3.1797346987885806,15973,tamil_nadu,jordi_300m,3287.0
Dharmapuri,4.04215078642874,66,tamil_nadu,jordi_300m,3074.0
Dindigul,3.4801951948418677,913,tamil_nadu,jordi_300m,3074.0
Erode,4.604779637215463,1274,tamil_nadu,jordi_300m,3074.0
Kallakkurichi,3.704257917318873,6708,tamil_nadu,jordi_300m,3088.0
Kanchipuram,3.772573967344999,7629,tamil_nadu,jordi_300m,3261.0
Kanyakumari,4.3700949928977275,660,tamil_nadu,jordi_300m,3486.0
Karur,3.4711475284418203,1736,tamil_nadu,jordi_300m,3074.0
Krishnagiri,4.414276224434178,301,tamil_nadu,jordi_300m,3655.0
Madurai,3.1252349054316197,6186,tamil_nadu,jordi_300m,3074.0
Nagapattinam,3.118674191499792,16829,tamil_nadu,jordi_300m,2129.0
Namakkal,3.388205999060522,316,tamil_nadu,jordi_300m,3074.0
Perambalur,3.417334150645573,881,tamil_nadu,jordi_300m,3074.0
Pudukkottai,2.5326559930299943,12769,tamil_nadu,jordi_300m,3751.0
Ranippettai,3.889916557591623,9550,tamil_nadu,jordi_300m,3590.0
Salem,3.7788760536595394,304,tamil_nadu,jordi_300m,3074.0
Sivaganga,2.2324288116974773,10981,tamil_nadu,jordi_300m,3074.0
Teni,6.33943593457397,801,tamil_nadu,jordi_300m,3750.0
Tenkasi,3.082490380130597,2948,tamil_nadu,jordi_300m,2946.0
Thanjavur,3.6832510488555683,20141,tamil_nadu,jordi_300m,3220.0
Thiruvarur,3.315373532312295,18886,tamil_nadu,jordi_300m,2409.0
Tiruchirapalli,3.436054584688032,6459,tamil_nadu,jordi_300m,3118.0
Tirunelveli,2.7320137315124047,3668,tamil_nadu,jordi_300m,3280.0
Tiruppattur,3.6949620740167024,58,tamil_nadu,jordi_300m,3074.0
Tiruppur,3.625690753643329,416,tamil_nadu,jordi_300m,3074.0
Tiruvallur,3.4300241247755836,12811,tamil_nadu,jordi_300m,3376.0
Tiruvannamalai,3.981049926897595,24452,tamil_nadu,jordi_300m,3495.0
Tuticorin,2.088521465534566,1555,tamil_nadu,jordi_300m,3074.0
Vellore,3.6262411428052324,645,tamil_nadu,jordi_300m,3074.0
Villupuram,3.400603991596639,16303,tamil_nadu,jordi_300m,3302.0
Virudhunagar,2.451749545304233,2835,tamil_nadu,jordi_300m,3074.0
Ariyalur,3.156348670951272,2791,tamil_nadu,jordi_300m_20models,2513.0
Chengalpattu,3.640061703821656,7850,tamil_nadu,jordi_300m_20models,3582.0
Chennai,2.744570805476262,13,tamil_nadu,jordi_300m_20models,3261.0
Coimbatore,4.433886210123698,24,tamil_nadu,jordi_300m_20models,3074.0
Cuddalore,3.343951150570194,14118,tamil_nadu,jordi_300m_20models,3287.0
Dharmapuri,4.055990045720881,55,tamil_nadu,jordi_300m_20models,3074.0
Dindigul,3.6974067929935255,473,tamil_nadu,jordi_300m_20models,3074.0
Erode,5.072336686104107,694,tamil_nadu,jordi_300m_20models,3074.0
Kallakkurichi,3.8637814336368255,6892,tamil_nadu,jordi_300m_20models,3088.0
Kanchipuram,3.9424407039601554,5145,tamil_nadu,jordi_300m_20models,3261.0
Kanyakumari,0.0,0,tamil_nadu,jordi_300m_20models,3486.0
Karur,3.4677513099509065,993,tamil_nadu,jordi_300m_20models,3074.0
Krishnagiri,4.8286856374432965,124,tamil_nadu,jordi_300m_20models,3655.0
Madurai,3.283265221151647,4372,tamil_nadu,jordi_300m_20models,3074.0
Nagapattinam,3.290380965556073,12876,tamil_nadu,jordi_300m_20models,2129.0
Namakkal,3.9327014524545243,67,tamil_nadu,jordi_300m_20models,3074.0
Perambalur,3.840442538205786,4286,tamil_nadu,jordi_300m_20models,3074.0
Pudukkottai,2.4862900892323774,8370,tamil_nadu,jordi_300m_20models,3751.0
Ranippettai,4.003582591109659,6119,tamil_nadu,jordi_300m_20models,3590.0
Salem,4.134953882485742,1315,tamil_nadu,jordi_300m_20models,3074.0
Sivaganga,2.124850737615545,7681,tamil_nadu,jordi_300m_20models,3074.0
Teni,6.6046984375,625,tamil_nadu,jordi_300m_20models,3750.0
Tenkasi,3.152168105971897,2135,tamil_nadu,jordi_300m_20models,2946.0
Thanjavur,3.803889938454347,16045,tamil_nadu,jordi_300m_20models,3220.0
Thiruvarur,3.342944975442989,15576,tamil_nadu,jordi_300m_20models,2409.0
Tiruchirapalli,3.4112457936940386,4244,tamil_nadu,jordi_300m_20models,3118.0
Tirunelveli,3.1631327408013257,1471,tamil_nadu,jordi_300m_20models,3280.0
Tiruppattur,4.447738354022686,52,tamil_nadu,jordi_300m_20models,3074.0
Tiruppur,4.396548948426178,138,tamil_nadu,jordi_300m_20models,3074.0
Tiruvallur,3.521469382414515,8598,tamil_nadu,jordi_300m_20models,3376.0
Tiruvannamalai,4.074194944135572,18706,tamil_nadu,jordi_300m_20models,3495.0
Tuticorin,1.4066475970815244,2073,tamil_nadu,jordi_300m_20models,3074.0
Vellore,3.7800676770605897,458,tamil_nadu,jordi_300m_20models,3074.0
Villupuram,3.4539411676319527,9151,tamil_nadu,jordi_300m_20models,3302.0
Virudhunagar,2.271995854408994,3052,tamil_nadu,jordi_300m_20models,3074.0
Adilabad,4.406333803158917,47358,telangana,raw_300m,3630.0
Bhadradri Kothagudem,4.841699896298857,81002,telangana,raw_300m,3327.0
Jagtial,4.501663405626854,34051,telangana,raw_300m,3816.0
Jangaon,4.145787904899237,28433,telangana,raw_300m,2466.0
Jayashankar Bhupalapally,4.296675111531303,33847,telangana,raw_300m,3455.0
Jogulamba Gadwal,2.842578333806628,29932,telangana,raw_300m,3002.0
Kamareddy,4.460723133702209,44098,telangana,raw_300m,4430.0
Karimnagar,4.4934177054184685,23586,telangana,raw_300m,3746.0
Khammam,4.457309390763213,54716,telangana,raw_300m,3333.0
Kumuram Bheem,4.361066515896061,53724,telangana,raw_300m,3036.0
Mahabubabad,4.71888325102385,41510,telangana,raw_300m,3213.0
Mahabubnagar,3.538055337744798,32680,telangana,raw_300m,3889.0
Mancherial,4.358142918688121,45553,telangana,raw_300m,3511.0
Medak,4.391539045788511,32257,telangana,raw_300m,3799.0
Medchal-Malkajgiri,2.9948932081153905,12618,telangana,raw_300m,3849.0
Mulugu,4.807211233863942,50508,telangana,raw_300m,2761.0
Nagarkurnool,3.6069806094182826,72200,telangana,raw_300m,3440.0
Nalgonda,3.7298732779831454,84131,telangana,raw_300m,3708.0
Narayanpet,3.4717411572557677,28088,telangana,raw_300m,3474.0
Nirmal,4.071267629883435,43924,telangana,raw_300m,3319.0
Nizamabad,4.527230812595635,49668,telangana,raw_300m,4153.0
Peddapalli,4.508575166795591,25855,telangana,raw_300m,3729.0
Rangareddy,3.347140706011191,58441,telangana,raw_300m,3622.0
Ranjanna Sircilla,4.21638008478557,21289,telangana,raw_300m,4322.0
Sangareddy,3.7946212418425738,52253,telangana,raw_300m,4037.0
Siddipet,4.094550941456242,43523,telangana,raw_300m,3563.0
Suryapet,4.425685540038574,41997,telangana,raw_300m,3525.0
Vikarabad,3.765904636407722,43304,telangana,raw_300m,2820.0
Wanaparthy,3.397510864637944,25369,telangana,raw_300m,3762.0
Warangal (Rural),4.444863834266987,26241,telangana,raw_300m,3520.0
Warangal (Urban),4.234314728062158,13675,telangana,raw_300m,3943.0
Yadadri Bhuvanagiri,3.9157944326897645,37810,telangana,raw_300m,3586.0
Adilabad,4.4423544229324055,25283,telangana,esri_300m,3630.0
Bhadradri Kothagudem,4.378097009783657,36285,telangana,esri_300m,3327.0
Jagtial,4.764003656128687,22411,telangana,esri_300m,3816.0
Jangaon,4.270232547423584,25093,telangana,esri_300m,2466.0
Jayashankar Bhupalapally,3.92038237203567,15307,telangana,esri_300m,3455.0
Jogulamba Gadwal,2.9464241739840142,26649,telangana,esri_300m,3002.0
Kamareddy,4.838868494260159,28398,telangana,esri_300m,4430.0
Karimnagar,4.878769670616718,19620,telangana,esri_300m,3746.0
Khammam,4.439771587509566,43121,telangana,esri_300m,3333.0
Kumuram Bheem,4.2435394191897,22757,telangana,esri_300m,3036.0
Mahabubabad,4.3608422850644715,26601,telangana,esri_300m,3213.0
Mahabubnagar,3.6015841247793645,24928,telangana,esri_300m,3889.0
Mancherial,4.437219069023312,19689,telangana,esri_300m,3511.0
Medak,4.716265847956035,20744,telangana,esri_300m,3799.0
Medchal-Malkajgiri,3.863247134279476,3206,telangana,esri_300m,3849.0
Mulugu,4.03919038134588,12646,telangana,esri_300m,2761.0
Nagarkurnool,3.2360979400453083,37962,telangana,esri_300m,3440.0
Nalgonda,4.0066688868417835,65404,telangana,esri_300m,3708.0
Narayanpet,3.582059183036099,23214,telangana,esri_300m,3474.0
Nirmal,4.269839584422373,24869,telangana,esri_300m,3319.0
Nizamabad,4.964778601432203,32258,telangana,esri_300m,4153.0
Peddapalli,5.014402478350391,16513,telangana,esri_300m,3729.0
Rangareddy,3.538995169057654,37014,telangana,esri_300m,3622.0
Ranjanna Sircilla,4.551031234181792,13829,telangana,esri_300m,4322.0
Sangareddy,4.077869161911371,38904,telangana,esri_300m,4037.0
Siddipet,4.334429430035834,34046,telangana,esri_300m,3563.0
Suryapet,4.745911944171693,35645,telangana,esri_300m,3525.0
Vikarabad,3.819955203352835,33673,telangana,esri_300m,2820.0
Wanaparthy,3.564661237824874,20431,telangana,esri_300m,3762.0
Warangal (Rural),4.594929877322534,23089,telangana,esri_300m,3520.0
Warangal (Urban),4.611390257087939,10405,telangana,esri_300m,3943.0
Yadadri Bhuvanagiri,4.12626845324441,28264,telangana,esri_300m,3586.0
Adilabad,4.009319259459714,332,telangana,jordi_300m,3630.0
Bhadradri Kothagudem,4.313915227566172,15490,telangana,jordi_300m,3327.0
Jagtial,4.758744467913901,19884,telangana,jordi_300m,3816.0
Jangaon,4.392705239273927,15150,telangana,jordi_300m,2466.0
Jayashankar Bhupalapally,3.9590408285698877,9272,telangana,jordi_300m,3455.0
Jogulamba Gadwal,4.022828026641187,3336,telangana,jordi_300m,3002.0
Kamareddy,5.058269891557909,15861,telangana,jordi_300m,4430.0
Karimnagar,4.8624091032684476,17929,telangana,jordi_300m,3746.0
Khammam,4.748958671469237,20024,telangana,jordi_300m,3333.0
Kumuram Bheem,3.9367318306795798,4569,telangana,jordi_300m,3036.0
Mahabubabad,4.5055184022911465,16411,telangana,jordi_300m,3213.0
Mahabubnagar,4.3964936400153025,6535,telangana,jordi_300m,3889.0
Mancherial,4.446904526302349,11748,telangana,jordi_300m,3511.0
Medak,4.851680622009569,15675,telangana,jordi_300m,3799.0
Medchal-Malkajgiri,4.2725058162913605,1088,telangana,jordi_300m,3849.0
Mulugu,4.322291754496908,8895,telangana,jordi_300m,2761.0
Nagarkurnool,3.988776408450704,4757,telangana,jordi_300m,3440.0
Nalgonda,4.589418605620187,29999,telangana,jordi_300m,3708.0
Narayanpet,4.428337545955882,5848,telangana,jordi_300m,3474.0
Nirmal,4.2706326268465,9342,telangana,jordi_300m,3319.0
Nizamabad,5.063357674026372,26088,telangana,jordi_300m,4153.0
Peddapalli,4.994485632616848,14934,telangana,jordi_300m,3729.0
Rangareddy,4.126221187210839,3026,telangana,jordi_300m,3622.0
Ranjanna Sircilla,4.56753762168438,11197,telangana,jordi_300m,4322.0
Sangareddy,4.516019986132702,7076,telangana,jordi_300m,4037.0
Siddipet,4.50936409372803,19914,telangana,jordi_300m,3563.0
Suryapet,4.873621323529412,29104,telangana,jordi_300m,3525.0
Vikarabad,4.463414402742881,2985,telangana,jordi_300m,2820.0
Wanaparthy,4.266155833125546,8021,telangana,jordi_300m,3762.0
Warangal (Rural),4.673616414670144,14567,telangana,jordi_300m,3520.0
Warangal (Urban),4.634439135930993,8405,telangana,jordi_300m,3943.0
Yadadri Bhuvanagiri,4.453279514359252,14764,telangana,jordi_300m,3586.0
Adilabad,4.131478414316948,829,telangana,jordi_300m_20models,3630.0
Bhadradri Kothagudem,4.553799189034259,11121,telangana,jordi_300m_20models,3327.0
Jagtial,4.845717360763367,17973,telangana,jordi_300m_20models,3816.0
Jangaon,4.488987177425458,13214,telangana,jordi_300m_20models,2466.0
Jayashankar Bhupalapally,4.076666926920675,8005,telangana,jordi_300m_20models,3455.0
Jogulamba Gadwal,4.3140139075526545,2279,telangana,jordi_300m_20models,3002.0
Kamareddy,5.286427789506607,12789,telangana,jordi_300m_20models,4430.0
Karimnagar,4.954891163153206,16840,telangana,jordi_300m_20models,3746.0
Khammam,4.912098532548355,17113,telangana,jordi_300m_20models,3333.0
Kumuram Bheem,3.9945898158993685,4909,telangana,jordi_300m_20models,3036.0
Mahabubabad,4.672172154330915,13369,telangana,jordi_300m_20models,3213.0
Mahabubnagar,4.695964546360597,3888,telangana,jordi_300m_20models,3889.0
Mancherial,4.599052339737377,10319,telangana,jordi_300m_20models,3511.0
Medak,5.097200725374238,10822,telangana,jordi_300m_20models,3799.0
Medchal-Malkajgiri,4.557752635380993,584,telangana,jordi_300m_20models,3849.0
Mulugu,4.513052669111654,7362,telangana,jordi_300m_20models,2761.0
Nagarkurnool,4.337988452877856,2276,telangana,jordi_300m_20models,3440.0
Nalgonda,4.706605730272043,25915,telangana,jordi_300m_20models,3708.0
Narayanpet,4.627712308759246,4461,telangana,jordi_300m_20models,3474.0
Nirmal,4.424165831919748,8548,telangana,jordi_300m_20models,3319.0
Nizamabad,5.258284837190158,21866,telangana,jordi_300m_20models,4153.0
Peddapalli,5.125832531169784,13635,telangana,jordi_300m_20models,3729.0
Rangareddy,4.41189094223159,1453,telangana,jordi_300m_20models,3622.0
Ranjanna Sircilla,4.641060272271109,10114,telangana,jordi_300m_20models,4322.0
Sangareddy,4.757407141711098,5064,telangana,jordi_300m_20models,4037.0
Siddipet,4.557557959273484,18747,telangana,jordi_300m_20models,3563.0
Suryapet,4.987332507430711,25906,telangana,jordi_300m_20models,3525.0
Vikarabad,4.581864137700535,2244,telangana,jordi_300m_20models,2820.0
Wanaparthy,4.4712182425499645,5604,telangana,jordi_300m_20models,3762.0
Warangal (Rural),4.778119910423452,14122,telangana,jordi_300m_20models,3520.0
Warangal (Urban),4.769294696215139,7530,telangana,jordi_300m_20models,3943.0
Yadadri Bhuvanagiri,4.497752572422529,13618,telangana,jordi_300m_20models,3586.0
Dhalai,6.014434206242992,27647,tripura,raw_300m,2852.0
Gomati,5.637869909734332,19498,tripura,raw_300m,3240.0
Khowai,5.633749338702093,12759,tripura,raw_300m,3249.0
North Tripura,6.112356116746644,16463,tripura,raw_300m,3008.0
Sepahijala,5.436665484334914,12863,tripura,raw_300m,3463.0
South Tripura,5.573021577674,17773,tripura,raw_300m,3391.0
Unokoti,5.743092139675992,8364,tripura,raw_300m,3259.0
West Tripura,5.473340655297784,11552,tripura,raw_300m,3336.0
Dhalai,4.841108224615696,1545,tripura,esri_300m,2852.0
Gomati,4.689508276533593,2054,tripura,esri_300m,3240.0
Khowai,4.570825222774888,1778,tripura,esri_300m,3249.0
North Tripura,4.609941980186999,1123,tripura,esri_300m,3008.0
Sepahijala,4.9946926114015735,2606,tripura,esri_300m,3463.0
South Tripura,5.115804931380809,2819,tripura,esri_300m,3391.0
Unokoti,4.8064953275618185,1193,tripura,esri_300m,3259.0
West Tripura,5.023395020239246,2069,tripura,esri_300m,3336.0
Dhalai,4.8883543108949565,808,tripura,jordi_300m,2852.0
Gomati,4.6692743373250805,929,tripura,jordi_300m,3240.0
Khowai,4.54110810250947,1056,tripura,jordi_300m,3249.0
North Tripura,4.5450339910810085,932,tripura,jordi_300m,3008.0
Sepahijala,4.969125381495201,1198,tripura,jordi_300m,3463.0
South Tripura,5.186643247251157,1080,tripura,jordi_300m,3391.0
Unokoti,4.844460946542245,864,tripura,jordi_300m,3259.0
West Tripura,5.056767515352387,1089,tripura,jordi_300m,3336.0
Dhalai,5.066838959598785,391,tripura,jordi_300m_20models,2852.0
Gomati,4.656538871869649,584,tripura,jordi_300m_20models,3240.0
Khowai,4.644325096290428,572,tripura,jordi_300m_20models,3249.0
North Tripura,4.673450944072658,523,tripura,jordi_300m_20models,3008.0
Sepahijala,5.082188267206225,751,tripura,jordi_300m_20models,3463.0
South Tripura,5.259306066176471,697,tripura,jordi_300m_20models,3391.0
Unokoti,5.042405561967329,528,tripura,jordi_300m_20models,3259.0
West Tripura,5.2121577543370865,544,tripura,jordi_300m_20models,3336.0
Agra,3.263053910595243,50702,up,raw_300m,2616.0
Aligarh,3.638788118051258,46861,up,raw_300m,2558.0
Ambedkarnagar,4.289089696860028,29013,up,raw_300m,2927.0
Amethi,4.029161840145623,30215,up,raw_300m,2804.0
Amroha,4.108399124560282,31270,up,raw_300m,2586.0
Auraiya,3.8151626547557638,25201,up,raw_300m,3118.0
Ayodhya,3.8509273032987354,33528,up,raw_300m,3051.0
Azamgarh,3.6832796890221773,52351,up,raw_300m,2323.0
Baghpat,4.039528510395687,16882,up,raw_300m,2793.0
Bahraich,4.042682117420673,62621,up,raw_300m,2864.0
Ballia,3.6476508568385286,37084,up,raw_300m,2421.0
Balrampur,4.391553727654228,42178,up,raw_300m,2972.0
Banda,3.138983056620225,55051,up,raw_300m,2402.0
Barabanki,4.020203526140734,48105,up,raw_300m,3009.0
Bareilly,3.9950816221078216,52253,up,raw_300m,2888.0
Basti,4.338396782861084,34798,up,raw_300m,2540.0
Bhadohi,4.0227938352816786,12532,up,raw_300m,3250.0
Bijnor,4.30042670299265,58911,up,raw_300m,2663.0
Budaun,3.3850036002973147,53815,up,raw_300m,2196.0
Bulandshahr,3.699663759168293,44583,up,raw_300m,2753.0
Chandauli,4.5615085912155715,31442,up,raw_300m,3570.0
Chitrakoot,3.9076411013937196,39391,up,raw_300m,2331.0
Deoria,3.9255150299927193,31591,up,raw_300m,2326.0
Etah,3.2472082827271533,30464,up,raw_300m,2649.0
Etawah,3.844530927413805,29062,up,raw_300m,3220.0
Farrukhabad,2.510356947233887,27385,up,raw_300m,3338.0
Fatehpur,3.6638500362669246,51700,up,raw_300m,2712.0
Firozabad,3.1659386948317345,30339,up,raw_300m,2889.0
Gautambudhnagar,2.970664713215221,17949,up,raw_300m,2855.0
Gazipur,3.803337451892047,41833,up,raw_300m,2672.0
Ghaziabad,2.957379811837227,11599,up,raw_300m,2717.0
Gonda,4.147107346429716,49912,up,raw_300m,2654.0
Gorakhpur,3.5455299233490565,41552,up,raw_300m,2869.0
Hapur,3.5903338502495257,14227,up,raw_300m,2512.0
Hardoi,3.6589692708264057,75181,up,raw_300m,2763.0
Hathras,3.3501017901702164,22442,up,raw_300m,2598.0
Jalaun,2.6583336640736626,56691,up,raw_300m,2191.0
Jaunpur,3.79416473225006,49972,up,raw_300m,2827.0
Jhansi,3.9058961903304774,62092,up,raw_300m,2234.0
Kannauj,2.793048774078887,26164,up,raw_300m,3109.0
Kanpur,3.0294438967811907,37343,up,raw_300m,3129.0
Kanpur Dehat,3.6557582680868372,39338,up,raw_300m,3295.0
Kasganj,3.0793553698074976,24675,up,raw_300m,2673.0
Kaushambi,4.405067132661818,22139,up,raw_300m,3004.0
Kheri,4.379572003187005,97270,up,raw_300m,3018.0
Kushinagar,4.122776976792663,35980,up,raw_300m,2567.0
Lalitpur,4.472808736398567,61942,up,raw_300m,2161.0
Lucknow,3.269061937417093,31662,up,raw_300m,2563.0
Maharajganj,4.73869724903997,36978,up,raw_300m,2771.0
Mahoba,3.1868654557107825,40371,up,raw_300m,2390.0
Mainpuri,3.366580255474984,34338,up,raw_300m,2949.0
Mathura,3.186065654222286,42027,up,raw_300m,2047.0
Mau,3.730412500580639,21528,up,raw_300m,2024.0
Meerut,3.9385364509272986,33053,up,raw_300m,2535.0
Mirzapur,3.569150239787183,54319,up,raw_300m,3002.0
Moradabad,3.9735497007978724,24816,up,raw_300m,2937.0
Muzaffarnagar,4.305814337186073,35040,up,raw_300m,2582.0
Pilibhit,4.895861812058744,47733,up,raw_300m,2431.0
Pratapgarh,3.8336996309622156,45998,up,raw_300m,2272.0
Prayagraj,4.127306525599289,67580,up,raw_300m,3139.0
Raibeareli,4.154757977907334,48885,up,raw_300m,2885.0
Rampur,4.192979027556309,30102,up,raw_300m,2940.0
Saharanpur,4.131205961068016,47827,up,raw_300m,2463.0
Sambhal,4.015039854778517,30815,up,raw_300m,2758.0
Santkabirnagar,4.259732820943479,20541,up,raw_300m,2834.0
Shahjahanpur,4.261769998073359,54499,up,raw_300m,3130.0
Shamli,4.055518504076843,16189,up,raw_300m,2790.0
Shrawasti,4.345885039220127,24286,up,raw_300m,2513.0
Siddharthnagar,5.055768697064386,36483,up,raw_300m,2804.0
Sitapur,4.090517928148857,72177,up,raw_300m,2906.0
Sonbhadra,3.851228439333768,84355,up,raw_300m,2452.0
Sultanpur,3.9356608116941665,33273,up,raw_300m,3246.0
Unnao,3.23913577431183,56999,up,raw_300m,2126.0
Varanasi,3.5392632856615123,18949,up,raw_300m,3026.0
Agra,3.3426004129129128,39294,up,esri_300m,2616.0
Aligarh,3.760027896626923,42187,up,esri_300m,2558.0
Ambedkarnagar,4.5050323340311005,23408,up,esri_300m,2927.0
Amethi,4.164607840308093,23824,up,esri_300m,2804.0
Amroha,4.302286597408753,25316,up,esri_300m,2586.0
Auraiya,3.9274406554706545,21332,up,esri_300m,3118.0
Ayodhya,4.079977809792698,25856,up,esri_300m,3051.0
Azamgarh,3.826687429293062,38009,up,esri_300m,2323.0
Baghpat,4.215635736158136,15063,up,esri_300m,2793.0
Bahraich,4.135530136396434,42963,up,esri_300m,2864.0
Ballia,3.953439884122643,27788,up,esri_300m,2421.0
Balrampur,4.244662172987807,30427,up,esri_300m,2972.0
Banda,3.1814276437222615,48218,up,esri_300m,2402.0
Barabanki,4.227618774368004,39755,up,esri_300m,3009.0
Bareilly,4.193177149524519,45638,up,esri_300m,2888.0
Basti,4.587741709024988,28133,up,esri_300m,2540.0
Bhadohi,4.3100112375804445,8857,up,esri_300m,3250.0
Bijnor,4.405607307527343,46630,up,esri_300m,2663.0
Budaun,3.5356458294081934,47769,up,esri_300m,2196.0
Bulandshahr,3.8532810695727484,38104,up,esri_300m,2753.0
Chandauli,5.056551797945206,18250,up,esri_300m,3570.0
Chitrakoot,3.4429231652043946,25759,up,esri_300m,2331.0
Deoria,4.093492212125444,25063,up,esri_300m,2326.0
Etah,3.3085697611779494,27845,up,esri_300m,2649.0
Etawah,3.9491275276739333,20597,up,esri_300m,3220.0
Farrukhabad,2.6254206888178286,22907,up,esri_300m,3338.0
Fatehpur,3.858248698816268,43422,up,esri_300m,2712.0
Firozabad,3.2043899477195583,25631,up,esri_300m,2889.0
Gautambudhnagar,3.434722438639099,11632,up,esri_300m,2855.0
Gazipur,4.013724779684601,32340,up,esri_300m,2672.0
Ghaziabad,3.53535174232211,7603,up,esri_300m,2717.0
Gonda,4.231735016603475,40353,up,esri_300m,2654.0
Gorakhpur,3.7412399018451152,30513,up,esri_300m,2869.0
Hapur,3.7825508881633847,11984,up,esri_300m,2512.0
Hardoi,3.781966703707098,65469,up,esri_300m,2763.0
Hathras,3.4037196692955294,20668,up,esri_300m,2598.0
Jalaun,2.6017126258933536,48553,up,esri_300m,2191.0
Jaunpur,3.8852732462502915,38603,up,esri_300m,2827.0
Jhansi,4.042082258213743,48638,up,esri_300m,2234.0
Kannauj,2.8396624358919107,23203,up,esri_300m,3109.0
Kanpur,3.2381118043213535,30384,up,esri_300m,3129.0
Kanpur Dehat,3.779380147321163,33634,up,esri_300m,3295.0
Kasganj,3.2490940965044164,21284,up,esri_300m,2673.0
Kaushambi,4.714980215679843,18291,up,esri_300m,3004.0
Kheri,4.429130984997216,68254,up,esri_300m,3018.0
Kushinagar,4.436710380100297,21935,up,esri_300m,2567.0
Lalitpur,4.793344312068073,44423,up,esri_300m,2161.0
Lucknow,3.5682477121464227,15025,up,esri_300m,2563.0
Maharajganj,4.8267142464065325,26576,up,esri_300m,2771.0
Mahoba,3.1908763492029544,35067,up,esri_300m,2390.0
Mainpuri,3.4236939844130543,30795,up,esri_300m,2949.0
Mathura,3.3238273695202536,37228,up,esri_300m,2047.0
Mau,3.9121159983044342,15629,up,esri_300m,2024.0
Meerut,4.204235308866684,26921,up,esri_300m,2535.0
Mirzapur,3.8432575554222193,31666,up,esri_300m,3002.0
Moradabad,4.171250703432752,21324,up,esri_300m,2937.0
Muzaffarnagar,4.527399942954463,30239,up,esri_300m,2582.0
Pilibhit,5.004952585568232,33745,up,esri_300m,2431.0
Pratapgarh,3.9518182463534193,33456,up,esri_300m,2272.0
Prayagraj,4.529557794526806,48162,up,esri_300m,3139.0
Raibeareli,4.336737740561287,36737,up,esri_300m,2885.0
Rampur,4.340445604940154,26234,up,esri_300m,2940.0
Saharanpur,4.276291728839346,34179,up,esri_300m,2463.0
Sambhal,4.168966457502963,27849,up,esri_300m,2758.0
Santkabirnagar,4.517869298507932,15884,up,esri_300m,2834.0
Shahjahanpur,4.397942723210642,49012,up,esri_300m,3130.0
Shamli,4.239022967262738,14288,up,esri_300m,2790.0
Shrawasti,4.250542478354978,17325,up,esri_300m,2513.0
Siddharthnagar,5.201456046780112,31616,up,esri_300m,2804.0
Sitapur,4.234538627175607,61592,up,esri_300m,2906.0
Sonbhadra,4.107628798774999,25551,up,esri_300m,2452.0
Sultanpur,4.036791956655596,26797,up,esri_300m,3246.0
Unnao,3.325518181118401,42221,up,esri_300m,2126.0
Varanasi,3.915141069590041,10684,up,esri_300m,3026.0
Agra,4.345816582989839,163,up,jordi_300m,2616.0
Aligarh,4.232258734506916,11134,up,jordi_300m,2558.0
Ambedkarnagar,4.626860383691979,16869,up,jordi_300m,2927.0
Amethi,4.468584418100721,7903,up,jordi_300m,2804.0
Amroha,3.718680864851051,1070,up,jordi_300m,2586.0
Auraiya,5.2241380886224045,3419,up,jordi_300m,3118.0
Ayodhya,4.173116517857143,8750,up,jordi_300m,3051.0
Azamgarh,3.8532357062353406,32829,up,jordi_300m,2323.0
Baghpat,3.7535262549275177,983,up,jordi_300m,2793.0
Bahraich,4.2196069021102,21325,up,jordi_300m,2864.0
Ballia,4.116429409645125,25671,up,jordi_300m,2421.0
Balrampur,4.293918300844222,23572,up,jordi_300m,2972.0
Banda,4.3494283915990195,13058,up,jordi_300m,2402.0
Barabanki,4.338728852116473,18545,up,jordi_300m,3009.0
Bareilly,4.725917155232762,5714,up,jordi_300m,2888.0
Basti,4.671135505370362,23369,up,jordi_300m,2540.0
Bhadohi,4.328582369625172,7977,up,jordi_300m,3250.0
Bijnor,4.450211988060299,937,up,jordi_300m,2663.0
Budaun,4.0576030138788095,5512,up,jordi_300m,2196.0
Bulandshahr,3.9905330969829635,10507,up,jordi_300m,2753.0
Chandauli,4.983387825476403,19049,up,jordi_300m,3570.0
Chitrakoot,4.285584656457937,2104,up,jordi_300m,2331.0
Deoria,4.114971638030026,23513,up,jordi_300m,2326.0
Etah,4.1576946390086205,3190,up,jordi_300m,2649.0
Etawah,4.911825259135629,2846,up,jordi_300m,3220.0
Farrukhabad,2.5957438669386943,1570,up,jordi_300m,3338.0
Fatehpur,4.8142803996598635,8967,up,jordi_300m,2712.0
Firozabad,4.496797062800481,1560,up,jordi_300m,2889.0
Gautambudhnagar,3.865316366548829,4526,up,jordi_300m,2855.0
Gazipur,4.1471387015654315,30918,up,jordi_300m,2672.0
Ghaziabad,3.2219471536624202,628,up,jordi_300m,2717.0
Gonda,4.402958702882484,18491,up,jordi_300m,2654.0
Gorakhpur,3.8301594555559793,26224,up,jordi_300m,2869.0
Hapur,3.5950754001345975,1068,up,jordi_300m,2512.0
Hardoi,4.445303983157092,9173,up,jordi_300m,2763.0
Hathras,4.467891770966199,1568,up,jordi_300m,2598.0
Jalaun,3.3457093517534537,2823,up,jordi_300m,2191.0
Jaunpur,4.140488010337608,22926,up,jordi_300m,2827.0
Jhansi,4.671992756787782,5009,up,jordi_300m,2234.0
Kannauj,4.566601473559881,1098,up,jordi_300m,3109.0
Kanpur,4.875918449239528,3008,up,jordi_300m,3129.0
Kanpur Dehat,5.309929850783762,3732,up,jordi_300m,3295.0
Kasganj,3.1633797193388475,1141,up,jordi_300m,2673.0
Kaushambi,5.419154070425725,4968,up,jordi_300m,3004.0
Kheri,4.431129683343187,20298,up,jordi_300m,3018.0
Kushinagar,4.408740870117498,18894,up,jordi_300m,2567.0
Lalitpur,3.7013401455349393,72,up,jordi_300m,2161.0
Lucknow,3.9413100733901514,4752,up,jordi_300m,2563.0
Maharajganj,4.790033941329673,28413,up,jordi_300m,2771.0
Mahoba,4.441236139112903,155,up,jordi_300m,2390.0
Mainpuri,4.509714711374574,4987,up,jordi_300m,2949.0
Mathura,4.087908363196192,9139,up,jordi_300m,2047.0
Mau,3.9216657538262156,16204,up,jordi_300m,2024.0
Meerut,3.1150026793244003,667,up,jordi_300m,2535.0
Mirzapur,4.619983505669767,12258,up,jordi_300m,3002.0
Moradabad,4.5626299547630635,3081,up,jordi_300m,2937.0
Muzaffarnagar,3.5164799442997685,270,up,jordi_300m,2582.0
Pilibhit,5.638274588128156,12079,up,jordi_300m,2431.0
Pratapgarh,4.471357617140448,12453,up,jordi_300m,2272.0
Prayagraj,4.943788416968964,29772,up,jordi_300m,3139.0
Raibeareli,4.76731308646824,11776,up,jordi_300m,2885.0
Rampur,4.805256476379043,9028,up,jordi_300m,2940.0
Saharanpur,4.582469389053648,2824,up,jordi_300m,2463.0
Sambhal,4.471475454923882,5255,up,jordi_300m,2758.0
Santkabirnagar,4.536841111828783,14321,up,jordi_300m,2834.0
Shahjahanpur,5.107970635596358,13507,up,jordi_300m,3130.0
Shamli,4.267353102168415,2669,up,jordi_300m,2790.0
Shrawasti,4.4114795643862665,9874,up,jordi_300m,2513.0
Siddharthnagar,5.207763540112385,31499,up,jordi_300m,2804.0
Sitapur,4.109066181558871,14812,up,jordi_300m,2906.0
Sonbhadra,4.596823116602687,13025,up,jordi_300m,2452.0
Sultanpur,4.473435067313857,10919,up,jordi_300m,3246.0
Unnao,4.245853981213125,9661,up,jordi_300m,2126.0
Varanasi,3.9148534997649374,11699,up,jordi_300m,3026.0
Agra,0.0,0,up,jordi_300m_20models,2616.0
Aligarh,3.610548655192057,3,up,jordi_300m_20models,2558.0
Ambedkarnagar,4.760040237556091,12034,up,jordi_300m_20models,2927.0
Amethi,4.480463082794777,7582,up,jordi_300m_20models,2804.0
Amroha,0.0,0,up,jordi_300m_20models,2586.0
Auraiya,5.1857919992697425,1241,up,jordi_300m_20models,3118.0
Ayodhya,4.237132646776741,6647,up,jordi_300m_20models,3051.0
Azamgarh,3.934611072658322,21491,up,jordi_300m_20models,2323.0
Baghpat,0.0,0,up,jordi_300m_20models,2793.0
Bahraich,4.202680786800854,10781,up,jordi_300m_20models,2864.0
Ballia,4.319275932400933,10725,up,jordi_300m_20models,2421.0
Balrampur,4.529185570954392,11599,up,jordi_300m_20models,2972.0
Banda,4.46885889412355,3363,up,jordi_300m_20models,2402.0
Barabanki,4.376294254753006,12308,up,jordi_300m_20models,3009.0
Bareilly,4.995676794717478,86,up,jordi_300m_20models,2888.0
Basti,4.736106922455734,12538,up,jordi_300m_20models,2540.0
Bhadohi,4.4945144917516355,5198,up,jordi_300m_20models,3250.0
Bijnor,4.803202311197917,81,up,jordi_300m_20models,2663.0
Budaun,1.8766570371740006,34,up,jordi_300m_20models,2196.0
Bulandshahr,2.773242712020874,1,up,jordi_300m_20models,2753.0
Chandauli,5.085097220202167,13751,up,jordi_300m_20models,3570.0
Chitrakoot,4.903721669645726,389,up,jordi_300m_20models,2331.0
Deoria,4.240337663534181,16281,up,jordi_300m_20models,2326.0
Etah,4.438483428955078,20,up,jordi_300m_20models,2649.0
Etawah,4.49145221933548,427,up,jordi_300m_20models,3220.0
Farrukhabad,1.6145401436941964,700,up,jordi_300m_20models,3338.0
Fatehpur,5.234296986447932,2103,up,jordi_300m_20models,2712.0
Firozabad,4.330124178799716,55,up,jordi_300m_20models,2889.0
Gautambudhnagar,3.495840072631836,3,up,jordi_300m_20models,2855.0
Gazipur,4.4202858128314215,16218,up,jordi_300m_20models,2672.0
Ghaziabad,0.0,0,up,jordi_300m_20models,2717.0
Gonda,4.394187157690553,10955,up,jordi_300m_20models,2654.0
Gorakhpur,3.941918207572031,17076,up,jordi_300m_20models,2869.0
Hapur,0.0,0,up,jordi_300m_20models,2512.0
Hardoi,4.277107936135743,2932,up,jordi_300m_20models,2763.0
Hathras,4.533255727667558,19,up,jordi_300m_20models,2598.0
Jalaun,2.9698107971322476,2794,up,jordi_300m_20models,2191.0
Jaunpur,4.358008778541906,14759,up,jordi_300m_20models,2827.0
Jhansi,4.634213380401497,2939,up,jordi_300m_20models,2234.0
Kannauj,4.582352093809866,261,up,jordi_300m_20models,3109.0
Kanpur,5.163108335722477,1308,up,jordi_300m_20models,3129.0
Kanpur Dehat,5.373933423913043,1150,up,jordi_300m_20models,3295.0
Kasganj,1.3554383516311646,64,up,jordi_300m_20models,2673.0
Kaushambi,5.734212925179023,1187,up,jordi_300m_20models,3004.0
Kheri,4.111357541766865,7901,up,jordi_300m_20models,3018.0
Kushinagar,4.495204087427792,15407,up,jordi_300m_20models,2567.0
Lalitpur,4.25094152379919,108,up,jordi_300m_20models,2161.0
Lucknow,4.159395684826884,2455,up,jordi_300m_20models,2563.0
Maharajganj,4.836902982322774,22034,up,jordi_300m_20models,2771.0
Mahoba,3.71504807472229,2,up,jordi_300m_20models,2390.0
Mainpuri,4.617302491678994,845,up,jordi_300m_20models,2949.0
Mathura,0.0,0,up,jordi_300m_20models,2047.0
Mau,4.0158200939073865,7148,up,jordi_300m_20models,2024.0
Meerut,0.0,0,up,jordi_300m_20models,2535.0
Mirzapur,4.836861868222308,3873,up,jordi_300m_20models,3002.0
Moradabad,0.0,0,up,jordi_300m_20models,2937.0
Muzaffarnagar,2.979140571925951,23,up,jordi_300m_20models,2582.0
Pilibhit,5.693022746561629,718,up,jordi_300m_20models,2431.0
Pratapgarh,4.580351007787448,8732,up,jordi_300m_20models,2272.0
Prayagraj,5.225446495362059,16710,up,jordi_300m_20models,3139.0
Raibeareli,4.853808549898967,8908,up,jordi_300m_20models,2885.0
Rampur,5.227357991536459,30,up,jordi_300m_20models,2940.0
Saharanpur,5.580096851695668,11,up,jordi_300m_20models,2463.0
Sambhal,0.0,0,up,jordi_300m_20models,2758.0
Santkabirnagar,4.481049401882599,7649,up,jordi_300m_20models,2834.0
Shahjahanpur,4.8017037123728095,1769,up,jordi_300m_20models,3130.0
Shamli,0.0,0,up,jordi_300m_20models,2790.0
Shrawasti,4.447297219669117,4760,up,jordi_300m_20models,2513.0
Siddharthnagar,5.212663287297677,14210,up,jordi_300m_20models,2804.0
Sitapur,3.98111507885212,5802,up,jordi_300m_20models,2906.0
Sonbhadra,4.793524365784909,10377,up,jordi_300m_20models,2452.0
Sultanpur,4.524327268067657,9755,up,jordi_300m_20models,3246.0
Unnao,4.184441396463673,5189,up,jordi_300m_20models,2126.0
Varanasi,4.086074662134575,6123,up,jordi_300m_20models,3026.0
Almora,4.853664353859497,40355,uttarakhand,raw_300m,1310.0
Bageshwar,4.843205560949694,27293,uttarakhand,raw_300m,1571.0
Chamoli,3.63102343716225,92524,uttarakhand,raw_300m,1615.0
Champawat,5.845207676043994,22821,uttarakhand,raw_300m,2058.0
Dehradun,5.488719694702185,40092,uttarakhand,raw_300m,2321.0
Haridwar,4.044005470422344,29431,uttarakhand,raw_300m,2228.0
Nainital,5.84588755830818,51022,uttarakhand,raw_300m,3447.0
Pauri Garhwal,5.731044078443502,67896,uttarakhand,raw_300m,1464.0
Pithoragarh,3.763974993817307,88958,uttarakhand,raw_300m,1365.0
Rudraprayag,5.926199656717002,25562,uttarakhand,raw_300m,1413.0
Tehri Garhwal,5.866610833944972,50411,uttarakhand,raw_300m,2357.0
Udham Singh Nagar,4.573531541473573,34094,uttarakhand,raw_300m,3204.0
Uttarkashi,4.769744489216866,83881,uttarakhand,raw_300m,1940.0
Almora,4.766560959155117,469,uttarakhand,esri_300m,1310.0
Bageshwar,4.941823323567708,432,uttarakhand,esri_300m,1571.0
Chamoli,4.88308700933689,410,uttarakhand,esri_300m,1615.0
Champawat,4.963771368867608,279,uttarakhand,esri_300m,2058.0
Dehradun,4.339391556725924,1786,uttarakhand,esri_300m,2321.0
Haridwar,3.912314496628425,16387,uttarakhand,esri_300m,2228.0
Nainital,4.486589351132327,2815,uttarakhand,esri_300m,3447.0
Pauri Garhwal,4.528804105870864,272,uttarakhand,esri_300m,1464.0
Pithoragarh,4.966325035873725,490,uttarakhand,esri_300m,1365.0
Rudraprayag,4.925627055921052,380,uttarakhand,esri_300m,1413.0
Tehri Garhwal,5.073123080059163,206,uttarakhand,esri_300m,2357.0
Udham Singh Nagar,4.616025418876567,20740,uttarakhand,esri_300m,3204.0
Uttarkashi,5.245796172973143,498,uttarakhand,esri_300m,1940.0
Almora,3.7635514736175537,2,uttarakhand,jordi_300m,1310.0
Bageshwar,-0.05355092287063599,60,uttarakhand,jordi_300m,1571.0
Chamoli,0.1296199747863727,1429,uttarakhand,jordi_300m,1615.0
Champawat,4.273194069086119,43,uttarakhand,jordi_300m,2058.0
Dehradun,4.810065152751866,335,uttarakhand,jordi_300m,2321.0
Haridwar,3.9042996608370073,482,uttarakhand,jordi_300m,2228.0
Nainital,4.567454732393494,757,uttarakhand,jordi_300m,3447.0
Pauri Garhwal,4.334248860677083,12,uttarakhand,jordi_300m,1464.0
Pithoragarh,0.1691284546485314,832,uttarakhand,jordi_300m,1365.0
Rudraprayag,-0.04847883596652892,41,uttarakhand,jordi_300m,1413.0
Tehri Garhwal,-0.024023038303985028,269,uttarakhand,jordi_300m,2357.0
Udham Singh Nagar,4.891128703027741,13013,uttarakhand,jordi_300m,3204.0
Uttarkashi,0.04260869087579424,932,uttarakhand,jordi_300m,1940.0
Almora,0.0,0,uttarakhand,jordi_300m_20models,1310.0
Bageshwar,4.572416211737961,61,uttarakhand,jordi_300m_20models,1571.0
Chamoli,2.62255125779372,26,uttarakhand,jordi_300m_20models,1615.0
Champawat,0.0,0,uttarakhand,jordi_300m_20models,2058.0
Dehradun,4.965387743572856,43,uttarakhand,jordi_300m_20models,2321.0
Haridwar,3.7601253802959738,26,uttarakhand,jordi_300m_20models,2228.0
Nainital,3.7289695739746094,20,uttarakhand,jordi_300m_20models,3447.0
Pauri Garhwal,4.001533508300781,1,uttarakhand,jordi_300m_20models,1464.0
Pithoragarh,2.720340662862884,521,uttarakhand,jordi_300m_20models,1365.0
Rudraprayag,-0.10986935347318649,1,uttarakhand,jordi_300m_20models,1413.0
Tehri Garhwal,4.592660427093506,1,uttarakhand,jordi_300m_20models,2357.0
Udham Singh Nagar,5.335437774658203,512,uttarakhand,jordi_300m_20models,3204.0
Uttarkashi,4.119482040405273,7,uttarakhand,jordi_300m_20models,1940.0
Alipur Duar,4.599192340416405,34966,wb,raw_300m,2530.0
Bankura,4.419605989156324,83551,wb,raw_300m,2860.0
Birbhum,4.975831721252474,55570,wb,raw_300m,3227.0
Dakshin Dinajpur,4.258302462842124,27585,wb,raw_300m,2786.0
Darjiling,6.362471620933965,25547,wb,raw_300m,2471.0
Haora,3.8387787289590722,17763,wb,raw_300m,2470.0
Hugli,4.66318339683662,38187,wb,raw_300m,3117.0
Jalpaiguri,4.6660035731815634,42784,wb,raw_300m,2683.0
Jhargram,4.728325076219512,37392,wb,raw_300m,2789.0
Kalimpong,6.640802854797519,13705,wb,raw_300m,1727.0
Koch Bihar,4.341897196177642,41702,wb,raw_300m,2686.0
Maldah,3.8774214915058702,44207,wb,raw_300m,2863.0
Murshidabad,4.07027403360959,65398,wb,raw_300m,3029.0
Nadia,3.7636976335692918,47466,wb,raw_300m,3153.0
North Twenty-Four Parganas,3.2811152739386937,48478,wb,raw_300m,3156.0
Paschim Barddhaman,3.743397483460963,22069,wb,raw_300m,2647.0
Paschim Medinipur,4.8664647122871845,75770,wb,raw_300m,2993.0
Purba Barddhaman,5.1651620169472805,63373,wb,raw_300m,3387.0
Purba Medinipur,4.007987815108427,47682,wb,raw_300m,2656.0
Puruliya,4.287056278194994,76033,wb,raw_300m,2055.0
South Twenty-Four Parganas,3.4780438764026704,92413,wb,raw_300m,2596.0
Uttar Dinajpur,4.397567391248457,38896,wb,raw_300m,2890.0
Alipur Duar,4.189803406899507,9334,wb,esri_300m,2530.0
Bankura,4.621182421567,48194,wb,esri_300m,2860.0
Birbhum,5.332030295813181,40938,wb,esri_300m,3227.0
Dakshin Dinajpur,4.40540925311066,22664,wb,esri_300m,2786.0
Darjiling,4.839601972203466,4443,wb,esri_300m,2471.0
Haora,4.385386365864819,7649,wb,esri_300m,2470.0
Hugli,5.107228705576152,26703,wb,esri_300m,3117.0
Jalpaiguri,4.683004520976739,16852,wb,esri_300m,2683.0
Jhargram,4.886288694249958,18139,wb,esri_300m,2789.0
Kalimpong,5.011410337505919,33,wb,esri_300m,1727.0
Koch Bihar,4.709581502768416,24924,wb,esri_300m,2686.0
Maldah,4.139485876845391,28517,wb,esri_300m,2863.0
Murshidabad,4.412609214193825,46640,wb,esri_300m,3029.0
Nadia,3.838240453592952,32689,wb,esri_300m,3153.0
North Twenty-Four Parganas,3.7385874949340296,22207,wb,esri_300m,3156.0
Paschim Barddhaman,4.221631999211357,7925,wb,esri_300m,2647.0
Paschim Medinipur,5.138220346529615,49130,wb,esri_300m,2993.0
Purba Barddhaman,5.492429046039308,51847,wb,esri_300m,3387.0
Purba Medinipur,4.5129052756733135,24023,wb,esri_300m,2656.0
Puruliya,4.25499612216809,45773,wb,esri_300m,2055.0
South Twenty-Four Parganas,3.9226866549189543,36461,wb,esri_300m,2596.0
Uttar Dinajpur,4.540696592461555,28547,wb,esri_300m,2890.0
Alipur Duar,3.9510042168197654,12628,wb,jordi_300m,2530.0
Bankura,4.455611312591016,71416,wb,jordi_300m,2860.0
Birbhum,5.0904265122176575,50869,wb,jordi_300m,3227.0
Dakshin Dinajpur,4.298533415603872,26032,wb,jordi_300m,2786.0
Darjiling,4.542689068692206,3785,wb,jordi_300m,2471.0
Haora,4.265773887577585,11439,wb,jordi_300m,2470.0
Hugli,4.923651698763968,32038,wb,jordi_300m,3117.0
Jalpaiguri,4.267000356619379,19103,wb,jordi_300m,2683.0
Jhargram,4.7348845830382436,28240,wb,jordi_300m,2789.0
Kalimpong,3.2439853123256137,28,wb,jordi_300m,1727.0
Koch Bihar,4.443430146958584,36677,wb,jordi_300m,2686.0
Maldah,4.026770209071098,36710,wb,jordi_300m,2863.0
Murshidabad,4.284068144616381,52539,wb,jordi_300m,3029.0
Nadia,3.766787361055516,32477,wb,jordi_300m,3153.0
North Twenty-Four Parganas,3.610406581110705,27370,wb,jordi_300m,3156.0
Paschim Barddhaman,3.932819530063106,17114,wb,jordi_300m,2647.0
Paschim Medinipur,4.971348583014822,64362,wb,jordi_300m,2993.0
Purba Barddhaman,5.304943854939061,58665,wb,jordi_300m,3387.0
Purba Medinipur,4.158574390165204,38740,wb,jordi_300m,2656.0
Puruliya,4.2188778092420165,61004,wb,jordi_300m,2055.0
South Twenty-Four Parganas,3.7632561219904894,53414,wb,jordi_300m,2596.0
Uttar Dinajpur,4.3842565083049045,35762,wb,jordi_300m,2890.0
Alipur Duar,4.035711725917431,7739,wb,jordi_300m_20models,2530.0
Bankura,4.547610773029514,51434,wb,jordi_300m_20models,2860.0
Birbhum,5.256624342713999,44311,wb,jordi_300m_20models,3227.0
Dakshin Dinajpur,4.346203926282051,24024,wb,jordi_300m_20models,2786.0
Darjiling,4.564054734766638,2314,wb,jordi_300m_20models,2471.0
Haora,4.2966934268580665,8046,wb,jordi_300m_20models,2470.0
Hugli,5.070991181478329,27017,wb,jordi_300m_20models,3117.0
Jalpaiguri,4.3589772524133,13985,wb,jordi_300m_20models,2683.0
Jhargram,4.950456906570667,17639,wb,jordi_300m_20models,2789.0
Kalimpong,4.130895826551649,9,wb,jordi_300m_20models,1727.0
Koch Bihar,4.549187195889618,29389,wb,jordi_300m_20models,2686.0
Maldah,4.062850585593519,28390,wb,jordi_300m_20models,2863.0
Murshidabad,4.482470497642346,39446,wb,jordi_300m_20models,3029.0
Nadia,3.7516731744364638,22137,wb,jordi_300m_20models,3153.0
North Twenty-Four Parganas,3.8819066512125535,17525,wb,jordi_300m_20models,3156.0
Paschim Barddhaman,4.052625174993437,11429,wb,jordi_300m_20models,2647.0
Paschim Medinipur,5.171907806137598,47152,wb,jordi_300m_20models,2993.0
Purba Barddhaman,5.4654061040693795,52465,wb,jordi_300m_20models,3387.0
Purba Medinipur,4.360729767148865,27582,wb,jordi_300m_20models,2656.0
Puruliya,4.263483964077889,48633,wb,jordi_300m_20models,2055.0
South Twenty-Four Parganas,3.8913783260205785,38973,wb,jordi_300m_20models,2596.0
Uttar Dinajpur,4.421987521604148,31244,wb,jordi_300m_20models,2890.0
